{"cameraMode":{"drawMode":0,"name":"Shaded","section":"Shading Mode"},"sceneLighting":true,"audioPlay":false,"sceneViewState":{"m_AlwaysRefresh":false,"showFog":true,"showSkybox":true,"showFlares":true,"showImageEffects":true,"showParticleSystems":true,"showVisualEffectGraphs":true,"m_FxEnabled":true},"in2DMode":false,"pivot":{"x":39.361595153808597,"y":48.51932144165039,"z":719.9092407226563},"rotation":{"x":-0.0001359619782306254,"y":0.9990811347961426,"z":0.03973425179719925,"w":0.003139887237921357},"size":79.18936920166016,"orthographic":true}