{"cameraMode":{"drawMode":0,"name":"Shaded","section":"Shading Mode"},"sceneLighting":true,"audioPlay":false,"sceneViewState":{"m_AlwaysRefresh":false,"showFog":true,"showSkybox":true,"showFlares":true,"showImageEffects":true,"showParticleSystems":true,"showVisualEffectGraphs":true,"m_FxEnabled":true},"in2DMode":false,"pivot":{"x":13.086882591247559,"y":2.790996789932251,"z":11.67210865020752},"rotation":{"x":-0.0076799518428742889,"y":-0.9888182878494263,"z":0.1388414353132248,"w":-0.05472460016608238},"size":1.8415772914886475,"orthographic":false}