{"cameraMode":{"drawMode":0,"name":"Shaded","section":"Shading Mode"},"sceneLighting":true,"audioPlay":false,"sceneViewState":{"m_AlwaysRefresh":false,"showFog":true,"showSkybox":true,"showFlares":true,"showImageEffects":true,"showParticleSystems":true,"showVisualEffectGraphs":true,"m_FxEnabled":true},"in2DMode":false,"pivot":{"x":0.7639670372009277,"y":3.483322858810425,"z":-6.879721164703369},"rotation":{"x":0.02418729104101658,"y":0.7542781233787537,"z":0.027653314173221589,"w":-0.6553669571876526},"size":3.8916401863098146,"orthographic":false}