Using pre-set license
Built from '2022.3/staging' branch; Version is '2022.3.50f1 (c3db7f8bf9b1) revision 12835711'; Using compiler version '192829333'; Build Type 'Release'
OS: 'Windows 11  (10.0.26100) 64bit Core' Language: 'de' Physical Memory: 15771 MB
BatchMode: 1, IsHumanControllingUs: 0, StartBugReporterOnCrash: 0, Is64bit: 1, IsPro: 1

COMMAND LINE ARGUMENTS:
C:\Program Files\Unity\Hub\Editor\2022.3.50f1\Editor\Unity.exe
-adb2
-batchMode
-noUpm
-name
AssetImportWorker0
-projectPath
C:/Users/Sven/Documents/GitHub/Dungeon-of-the-Deep/3d supere duper omega cool game
-logFile
Logs/AssetImportWorker0.log
-srvPort
<<<<<<< Updated upstream
62480
Successfully changed project path to: C:/Users/joelw/Unity/Dungeon-of-the-Deep/3d supere duper omega cool game
C:/Users/joelw/Unity/Dungeon-of-the-Deep/3d supere duper omega cool game
=======
56473
Successfully changed project path to: C:/Users/Sven/Documents/GitHub/Dungeon-of-the-Deep/3d supere duper omega cool game
C:/Users/Sven/Documents/GitHub/Dungeon-of-the-Deep/3d supere duper omega cool game
>>>>>>> Stashed changes
[UnityMemory] Configuration Parameters - Can be set up in boot.config
    "memorysetup-bucket-allocator-granularity=16"
    "memorysetup-bucket-allocator-bucket-count=8"
    "memorysetup-bucket-allocator-block-size=33554432"
    "memorysetup-bucket-allocator-block-count=8"
    "memorysetup-main-allocator-block-size=16777216"
    "memorysetup-thread-allocator-block-size=16777216"
    "memorysetup-gfx-main-allocator-block-size=16777216"
    "memorysetup-gfx-thread-allocator-block-size=16777216"
    "memorysetup-cache-allocator-block-size=4194304"
    "memorysetup-typetree-allocator-block-size=2097152"
    "memorysetup-profiler-bucket-allocator-granularity=16"
    "memorysetup-profiler-bucket-allocator-bucket-count=8"
    "memorysetup-profiler-bucket-allocator-block-size=33554432"
    "memorysetup-profiler-bucket-allocator-block-count=8"
    "memorysetup-profiler-allocator-block-size=16777216"
    "memorysetup-profiler-editor-allocator-block-size=1048576"
    "memorysetup-temp-allocator-size-main=16777216"
    "memorysetup-job-temp-allocator-block-size=2097152"
    "memorysetup-job-temp-allocator-block-size-background=1048576"
    "memorysetup-job-temp-allocator-reduction-small-platforms=262144"
    "memorysetup-allocator-temp-initial-block-size-main=262144"
    "memorysetup-allocator-temp-initial-block-size-worker=262144"
    "memorysetup-temp-allocator-size-background-worker=32768"
    "memorysetup-temp-allocator-size-job-worker=262144"
    "memorysetup-temp-allocator-size-preload-manager=33554432"
    "memorysetup-temp-allocator-size-nav-mesh-worker=65536"
    "memorysetup-temp-allocator-size-audio-worker=65536"
    "memorysetup-temp-allocator-size-cloud-worker=32768"
    "memorysetup-temp-allocator-size-gi-baking-worker=262144"
    "memorysetup-temp-allocator-size-gfx=262144"
<<<<<<< Updated upstream
Player connection [21784]  Target information:

Player connection [21784]  * "[IP] 192.168.68.64 [Port] 0 [Flags] 2 [Guid] 4176225919 [EditorId] 4176225919 [Version] 1048832 [Id] WindowsEditor(7,LAPTOP-FBMD17ID) [Debug] 1 [PackageName] WindowsEditor [ProjectName] Editor" 

Player connection [21784] Host joined multi-casting on [225.0.0.222:54997]...
Player connection [21784] Host joined alternative multi-casting on [225.0.0.222:34997]...
[PhysX] Initialized MultithreadedTaskDispatcher with 22 workers.
Refreshing native plugins compatible for Editor in 7.59 ms, found 3 plugins.
=======
Player connection [10048]  Target information:

Player connection [10048]  * "[IP] 192.168.1.191 [Port] 0 [Flags] 2 [Guid] 268492443 [EditorId] 268492443 [Version] 1048832 [Id] WindowsEditor(7,Roth) [Debug] 1 [PackageName] WindowsEditor [ProjectName] Editor" 

Player connection [10048] Host joined multi-casting on [225.0.0.222:54997]...
Player connection [10048] Host joined alternative multi-casting on [225.0.0.222:34997]...
[PhysX] Initialized MultithreadedTaskDispatcher with 16 workers.
Refreshing native plugins compatible for Editor in 11.81 ms, found 3 plugins.
>>>>>>> Stashed changes
Preloading 0 native plugins for Editor in 0.00 ms.
Initialize engine version: 2022.3.50f1 (c3db7f8bf9b1)
[Subsystems] Discovering subsystems at path C:/Program Files/Unity/Hub/Editor/2022.3.50f1/Editor/Data/Resources/UnitySubsystems
[Subsystems] Discovering subsystems at path C:/Users/Sven/Documents/GitHub/Dungeon-of-the-Deep/3d supere duper omega cool game/Assets
GfxDevice: creating device client; threaded=0; jobified=0
Direct3D:
    Version:  Direct3D 11.0 [level 11.1]
    Renderer: AMD Radeon(TM) Graphics (ID=0x1638)
    Vendor:   ATI
    VRAM:     7885 MB
    Driver:   30.0.13044.13001
Initialize mono
Mono path[0] = 'C:/Program Files/Unity/Hub/Editor/2022.3.50f1/Editor/Data/Managed'
Mono path[1] = 'C:/Program Files/Unity/Hub/Editor/2022.3.50f1/Editor/Data/MonoBleedingEdge/lib/mono/unityjit-win32'
Mono config path = 'C:/Program Files/Unity/Hub/Editor/2022.3.50f1/Editor/Data/MonoBleedingEdge/etc'
<<<<<<< Updated upstream
Using monoOptions --debugger-agent=transport=dt_socket,embedding=1,server=y,suspend=n,address=127.0.0.1:56320
=======
Using monoOptions --debugger-agent=transport=dt_socket,embedding=1,server=y,suspend=n,address=127.0.0.1:56508
>>>>>>> Stashed changes
Begin MonoManager ReloadAssembly
Registering precompiled unity dll's ...
Register platform support module: C:/Program Files/Unity/Hub/Editor/2022.3.50f1/Editor/Data/PlaybackEngines/WindowsStandaloneSupport/UnityEditor.WindowsStandalone.Extensions.dll
<<<<<<< Updated upstream
Registered in 0.007887 seconds.
- Loaded All Assemblies, in  0.363 seconds
=======
Registered in 0.009349 seconds.
- Loaded All Assemblies, in  0.529 seconds
>>>>>>> Stashed changes
Native extension for WindowsStandalone target not found
Mono: successfully reloaded assembly
<<<<<<< Updated upstream
- Finished resetting the current domain, in  0.292 seconds
Domain Reload Profiling: 653ms
	BeginReloadAssembly (114ms)
=======
- Finished resetting the current domain, in  0.360 seconds
Domain Reload Profiling: 887ms
	BeginReloadAssembly (183ms)
>>>>>>> Stashed changes
		ExecutionOrderSort (0ms)
		DisableScriptedObjects (0ms)
		BackupInstance (0ms)
		ReleaseScriptingObjects (0ms)
		CreateAndSetChildDomain (1ms)
<<<<<<< Updated upstream
	RebuildCommonClasses (33ms)
	RebuildNativeTypeToScriptingClass (9ms)
	initialDomainReloadingComplete (60ms)
	LoadAllAssembliesAndSetupDomain (145ms)
		LoadAssemblies (113ms)
		RebuildTransferFunctionScriptingTraits (0ms)
		AnalyzeDomain (143ms)
			TypeCache.Refresh (141ms)
				TypeCache.ScanAssembly (129ms)
			ScanForSourceGeneratedMonoScriptInfo (0ms)
			ResolveRequiredComponents (0ms)
	FinalizeReload (292ms)
		ReleaseScriptCaches (0ms)
		RebuildScriptCaches (0ms)
		SetupLoadedEditorAssemblies (243ms)
			LogAssemblyErrors (0ms)
			InitializePlatformSupportModulesInManaged (11ms)
			SetLoadedEditorAssemblies (7ms)
			RefreshPlugins (0ms)
			BeforeProcessingInitializeOnLoad (2ms)
			ProcessInitializeOnLoadAttributes (175ms)
			ProcessInitializeOnLoadMethodAttributes (48ms)
=======
	RebuildCommonClasses (48ms)
	RebuildNativeTypeToScriptingClass (11ms)
	initialDomainReloadingComplete (83ms)
	LoadAllAssembliesAndSetupDomain (201ms)
		LoadAssemblies (181ms)
		RebuildTransferFunctionScriptingTraits (0ms)
		AnalyzeDomain (197ms)
			TypeCache.Refresh (194ms)
				TypeCache.ScanAssembly (173ms)
			ScanForSourceGeneratedMonoScriptInfo (1ms)
			ResolveRequiredComponents (1ms)
	FinalizeReload (361ms)
		ReleaseScriptCaches (0ms)
		RebuildScriptCaches (0ms)
		SetupLoadedEditorAssemblies (290ms)
			LogAssemblyErrors (0ms)
			InitializePlatformSupportModulesInManaged (13ms)
			SetLoadedEditorAssemblies (10ms)
			RefreshPlugins (0ms)
			BeforeProcessingInitializeOnLoad (4ms)
			ProcessInitializeOnLoadAttributes (200ms)
			ProcessInitializeOnLoadMethodAttributes (63ms)
>>>>>>> Stashed changes
			AfterProcessingInitializeOnLoad (0ms)
			EditorAssembliesLoaded (0ms)
		ExecutionOrderSort2 (0ms)
		AwakeInstancesAfterBackupRestoration (0ms)
========================================================================
Worker process is ready to serve import requests
Caller must complete domain reload
Begin MonoManager ReloadAssembly
<<<<<<< Updated upstream
- Loaded All Assemblies, in  0.655 seconds
=======
- Loaded All Assemblies, in  1.032 seconds
>>>>>>> Stashed changes
Native extension for WindowsStandalone target not found
Mono: successfully reloaded assembly
<<<<<<< Updated upstream
- Finished resetting the current domain, in  0.644 seconds
Domain Reload Profiling: 1298ms
	BeginReloadAssembly (148ms)
=======
- Finished resetting the current domain, in  0.896 seconds
Domain Reload Profiling: 1925ms
	BeginReloadAssembly (244ms)
>>>>>>> Stashed changes
		ExecutionOrderSort (0ms)
		DisableScriptedObjects (7ms)
		BackupInstance (0ms)
		ReleaseScriptingObjects (0ms)
<<<<<<< Updated upstream
		CreateAndSetChildDomain (22ms)
	RebuildCommonClasses (35ms)
	RebuildNativeTypeToScriptingClass (10ms)
	initialDomainReloadingComplete (41ms)
	LoadAllAssembliesAndSetupDomain (419ms)
		LoadAssemblies (336ms)
		RebuildTransferFunctionScriptingTraits (0ms)
		AnalyzeDomain (166ms)
			TypeCache.Refresh (142ms)
				TypeCache.ScanAssembly (130ms)
			ScanForSourceGeneratedMonoScriptInfo (17ms)
			ResolveRequiredComponents (5ms)
	FinalizeReload (645ms)
		ReleaseScriptCaches (0ms)
		RebuildScriptCaches (0ms)
		SetupLoadedEditorAssemblies (490ms)
=======
		CreateAndSetChildDomain (43ms)
	RebuildCommonClasses (45ms)
	RebuildNativeTypeToScriptingClass (12ms)
	initialDomainReloadingComplete (55ms)
	LoadAllAssembliesAndSetupDomain (673ms)
		LoadAssemblies (575ms)
		RebuildTransferFunctionScriptingTraits (0ms)
		AnalyzeDomain (246ms)
			TypeCache.Refresh (214ms)
				TypeCache.ScanAssembly (184ms)
			ScanForSourceGeneratedMonoScriptInfo (24ms)
			ResolveRequiredComponents (6ms)
	FinalizeReload (896ms)
		ReleaseScriptCaches (0ms)
		RebuildScriptCaches (0ms)
		SetupLoadedEditorAssemblies (717ms)
>>>>>>> Stashed changes
			LogAssemblyErrors (0ms)
			InitializePlatformSupportModulesInManaged (7ms)
			SetLoadedEditorAssemblies (5ms)
			RefreshPlugins (0ms)
<<<<<<< Updated upstream
			BeforeProcessingInitializeOnLoad (63ms)
			ProcessInitializeOnLoadAttributes (383ms)
			ProcessInitializeOnLoadMethodAttributes (23ms)
=======
			BeforeProcessingInitializeOnLoad (80ms)
			ProcessInitializeOnLoadAttributes (590ms)
			ProcessInitializeOnLoadMethodAttributes (29ms)
>>>>>>> Stashed changes
			AfterProcessingInitializeOnLoad (7ms)
			EditorAssembliesLoaded (0ms)
		ExecutionOrderSort2 (0ms)
		AwakeInstancesAfterBackupRestoration (9ms)
<<<<<<< Updated upstream
Launched and connected shader compiler UnityShaderCompiler.exe after 0.06 seconds
Refreshing native plugins compatible for Editor in 3.28 ms, found 3 plugins.
Preloading 0 native plugins for Editor in 0.00 ms.
Unloading 3400 Unused Serialized files (Serialized files now loaded: 0)
Unloading 19 unused Assets / (54.8 KB). Loaded Objects now: 3868.
Memory consumption went from 130.8 MB to 130.8 MB.
Total: 3.168900 ms (FindLiveObjects: 0.236400 ms CreateObjectMapping: 0.069100 ms MarkObjects: 2.739600 ms  DeleteObjects: 0.122500 ms)
=======
Launched and connected shader compiler UnityShaderCompiler.exe after 0.07 seconds
Refreshing native plugins compatible for Editor in 4.27 ms, found 3 plugins.
Preloading 0 native plugins for Editor in 0.00 ms.
Unloading 3375 Unused Serialized files (Serialized files now loaded: 0)
Unloading 19 unused Assets / (54.5 KB). Loaded Objects now: 3843.
Memory consumption went from 127.5 MB to 127.4 MB.
Total: 5.449900 ms (FindLiveObjects: 0.282000 ms CreateObjectMapping: 0.095600 ms MarkObjects: 4.792800 ms  DeleteObjects: 0.277800 ms)
>>>>>>> Stashed changes

AssetImportParameters requested are different than current active one (requested -> active):
  custom:container-demuxer-ogg: 62fdf1f143b41e24485cea50d1cbac27 -> 
  custom:video-decoder-ogg-theora: a1e56fd34408186e4bbccfd4996cb3dc -> 
  custom:framework-win-MediaFoundation: 216162199b28c13a410421893ffa2e32 -> 
  custom:CustomObjectIndexerAttribute: 9a22284fe3817be447336de3de66b15e -> 
  custom:container-demuxer-webm: 4f35f7cbe854078d1ac9338744f61a02 -> 
  custom:container-muxer-webm: aa71ff27fc2769a1b78a27578f13a17b -> 
  custom:video-decoder-webm-vp8: 9c59270c3fd7afecdb556c50c9e8de78 -> 
  custom:SearchIndexIgnoredProperties: e643bd26f0fe6173181afceb89e7c659 -> 
  custom:AudioImporter_EditorPlatform: d09bf68614088b80899f8185d706f6e7 -> 
  custom:video-encoder-webm-vp8: eb34c28f22e8b96e1ab97ce403110664 -> 
  custom:audio-decoder-ogg-vorbis: bf7c407c2cedff20999df2af8eb42d56 -> 
  custom:audio-encoder-webm-vorbis: bf7c407c2cedff20999df2af8eb42d56 -> 
========================================================================
Received Import Request.
<<<<<<< Updated upstream
  Time since last request: 53503.472902 seconds.
  path: Assets/InventoryAsset/Scribts/Stick.prefab
  artifactKey: Guid(7d1af42bccc7f324995c28a206d49ac1) Importer(815301076,1909f56bfc062723c751e8b465ee728b)
Start importing Assets/InventoryAsset/Scribts/Stick.prefab using Guid(7d1af42bccc7f324995c28a206d49ac1) Importer(815301076,1909f56bfc062723c751e8b465ee728b) [PhysX] Initialized MultithreadedTaskDispatcher with 22 workers.
[PhysX] Initialized MultithreadedTaskDispatcher with 22 workers.
 -> (artifact id: 'c952f20973d96f36c3ae726bb8210822') in 0.141864 seconds
Number of updated asset objects reloaded before import = 0
Number of asset objects unloaded after import = 10
========================================================================
Received Import Request.
  Time since last request: 169.881425 seconds.
  path: Assets/InventoryAsset/Scribts/WorldItem.cs
  artifactKey: Guid(4cec358bc41b31946aaf2dad7fecf37c) Importer(815301076,1909f56bfc062723c751e8b465ee728b)
Start importing Assets/InventoryAsset/Scribts/WorldItem.cs using Guid(4cec358bc41b31946aaf2dad7fecf37c) Importer(815301076,1909f56bfc062723c751e8b465ee728b) [PhysX] Initialized MultithreadedTaskDispatcher with 22 workers.
 -> (artifact id: 'db24b47558e4e756ee82d3b76e79e443') in 0.001047 seconds
=======
  Time since last request: 531310.092650 seconds.
  path: ProjectSettings/TagManager.asset
  artifactKey: Guid(00000000000000003000000000000000) Importer(815301076,1909f56bfc062723c751e8b465ee728b)
Start importing ProjectSettings/TagManager.asset using Guid(00000000000000003000000000000000) Importer(815301076,1909f56bfc062723c751e8b465ee728b) [PhysX] Initialized MultithreadedTaskDispatcher with 16 workers.
 -> (artifact id: '32ff49a50c56e46caa255f062edc8f92') in 0.015577 seconds
>>>>>>> Stashed changes
Number of updated asset objects reloaded before import = 0
Number of asset objects unloaded after import = 0
========================================================================
Received Import Request.
  Time since last request: 2.908663 seconds.
  path: Assets/InventoryAsset/Scribts/Stick_World.prefab
  artifactKey: Guid(39f4244670be2934fb77682ae712c94f) Importer(815301076,1909f56bfc062723c751e8b465ee728b)
Start importing Assets/InventoryAsset/Scribts/Stick_World.prefab using Guid(39f4244670be2934fb77682ae712c94f) Importer(815301076,1909f56bfc062723c751e8b465ee728b) [PhysX] Initialized MultithreadedTaskDispatcher with 22 workers.
[PhysX] Initialized MultithreadedTaskDispatcher with 22 workers.
 -> (artifact id: 'a4c74be025b76be705d048161b88a20f') in 0.022406 seconds
Number of updated asset objects reloaded before import = 0
Number of asset objects unloaded after import = 9
========================================================================
Received Prepare
Caller must complete domain reload
Begin MonoManager ReloadAssembly
<<<<<<< Updated upstream
- Loaded All Assemblies, in  0.412 seconds
=======
- Loaded All Assemblies, in  0.419 seconds
>>>>>>> Stashed changes
Native extension for WindowsStandalone target not found
Mono: successfully reloaded assembly
<<<<<<< Updated upstream
- Finished resetting the current domain, in  1.070 seconds
Domain Reload Profiling: 1480ms
	BeginReloadAssembly (140ms)
=======
- Finished resetting the current domain, in  1.124 seconds
Domain Reload Profiling: 1540ms
	BeginReloadAssembly (145ms)
>>>>>>> Stashed changes
		ExecutionOrderSort (0ms)
		DisableScriptedObjects (5ms)
		BackupInstance (0ms)
		ReleaseScriptingObjects (0ms)
<<<<<<< Updated upstream
		CreateAndSetChildDomain (30ms)
	RebuildCommonClasses (28ms)
	RebuildNativeTypeToScriptingClass (10ms)
	initialDomainReloadingComplete (29ms)
	LoadAllAssembliesAndSetupDomain (204ms)
		LoadAssemblies (258ms)
		RebuildTransferFunctionScriptingTraits (0ms)
		AnalyzeDomain (21ms)
			TypeCache.Refresh (7ms)
				TypeCache.ScanAssembly (1ms)
			ScanForSourceGeneratedMonoScriptInfo (7ms)
			ResolveRequiredComponents (5ms)
	FinalizeReload (1070ms)
		ReleaseScriptCaches (0ms)
		RebuildScriptCaches (0ms)
		SetupLoadedEditorAssemblies (487ms)
			LogAssemblyErrors (0ms)
			InitializePlatformSupportModulesInManaged (11ms)
			SetLoadedEditorAssemblies (5ms)
			RefreshPlugins (0ms)
			BeforeProcessingInitializeOnLoad (64ms)
			ProcessInitializeOnLoadAttributes (369ms)
			ProcessInitializeOnLoadMethodAttributes (29ms)
			AfterProcessingInitializeOnLoad (8ms)
			EditorAssembliesLoaded (0ms)
		ExecutionOrderSort2 (0ms)
		AwakeInstancesAfterBackupRestoration (8ms)
Refreshing native plugins compatible for Editor in 5.06 ms, found 3 plugins.
Preloading 0 native plugins for Editor in 0.00 ms.
Unloading 3378 Unused Serialized files (Serialized files now loaded: 0)
Unloading 14 unused Assets / (28.1 KB). Loaded Objects now: 3881.
Memory consumption went from 131.0 MB to 130.9 MB.
Total: 3.822700 ms (FindLiveObjects: 0.247900 ms CreateObjectMapping: 0.068700 ms MarkObjects: 3.459700 ms  DeleteObjects: 0.045200 ms)

Prepare: number of updated asset objects reloaded= 0
AssetImportParameters requested are different than current active one (requested -> active):
  custom:scripting/monoscript/fileName/MainMenu.cs: c093076ba5753d7bec74a8a751ffb653 -> 
  custom:scripting/monoscript/fileName/InventoryController.cs: 0c1931e2b21646c5126f8803cbc26cee -> 
  custom:scripting/monoscript/fileName/SkewTextExample.cs: c142d02d70a129e0533975f7c2f96956 -> 
  custom:scripting/monoscript/fileName/EnemyAI.cs: b23c04a72171da1bfba3c740e359e309 -> 
  custom:container-demuxer-ogg: 62fdf1f143b41e24485cea50d1cbac27 -> 
  custom:scripting/monoscript/fileName/InventorySaveSystem.cs: 73973b9bceba9f6b4f8cbae0291cf57f -> 
  custom:scripting/monoscript/fileName/TMP_TextEventHandler.cs: f5cd9d5a43bfefc8f4fec80e6de896a4 -> 
  custom:scripting/monoscript/fileName/InventoryUIReact.cs: 9d774bdc350acd4eb25dad765f3959b6 -> 
  custom:scripting/monoscript/fileName/TextMeshProFloatingText.cs: 92608fa4a6315cd0786d82205e77b697 -> 
  custom:scripting/monoscript/fileName/VertexZoom.cs: 650ab1e81d40126e3edcf737cce646e4 -> 
  custom:video-codec-MediaFoundation-h265: 746d11721c4dcdbdad8f713fa42b33f4 -> 
  custom:scripting/monoscript/fileName/ItemData - Copy.cs: aa443fe117f868e3be9d7f6bf5865156 -> 
  custom:scripting/monoscript/fileName/VertexShakeA.cs: 63ec564c588058369499638dd899e05b -> 
  custom:scripting/monoscript/fileName/TMP_ExampleScript_01.cs: a9d4be556104ff54e7d240529b3e01dc -> 
  custom:video-decoder-ogg-theora: a1e56fd34408186e4bbccfd4996cb3dc -> 
  custom:scripting/monoscript/fileName/TMP_TextEventCheck.cs: 13505d917eab5868c435e0c2986dadfa -> 
  custom:scripting/monoscript/fileName/TMP_TextSelector_B.cs: ba2be21a7486d37b1011342977a2e49d -> 
  custom:scripting/monoscript/fileName/Benchmark01.cs: 2d3e2cd961730ab95f139a49a673bace -> 
  custom:framework-win-MediaFoundation: 216162199b28c13a410421893ffa2e32 -> 
  custom:scripting/monoscript/fileName/Weapon Script.cs: 0b4d856b429b31aad65662a3c52c642a -> 
  custom:scripting/monoscript/fileName/Hat.cs: f30974d8a0b90056aaf88be254c43465 -> 
  custom:scripting/monoscript/fileName/InventoryInitializer.cs: 5a36108e7ab43afbbe7da3e6aff17626 -> 
  custom:scripting/monoscript/fileName/AddItem.cs: 3d7dc5837ad8b6a39c83a22f6ffe3bd5 -> 
  custom:scripting/monoscript/fileName/EnemyHealth.cs: a4d027726692f4f1a1dc379aafbb87e2 -> 
  custom:scripting/monoscript/fileName/Benchmark02.cs: 5640963252ce70910e726415f869ced6 -> 
  custom:scripting/monoscript/fileName/DropdownSample.cs: 0a92251794e5f10400149f96c3c59e5d -> 
  custom:scripting/monoscript/fileName/WarpTextExample.cs: 2663459c266363641981c7d17b698d7f -> 
  custom:CustomObjectIndexerAttribute: 9a22284fe3817be447336de3de66b15e -> 
  custom:scripting/monoscript/fileName/Chest.cs: f3a8f25e35960701ab07713482e99306 -> 
  custom:scripting/monoscript/fileName/Inventory.cs: 9fef8ca02e98834ae1b58ff796d1ee46 -> 
  custom:container-demuxer-webm: 4f35f7cbe854078d1ac9338744f61a02 -> 
  custom:scripting/monoscript/fileName/ChatController.cs: 876d5ccae6e345dd5d9450eb0a748f16 -> 
  custom:scripting/monoscript/fileName/AddItemReact.cs: 58ede0330577652779c398fb72f378b7 -> 
  custom:scripting/monoscript/fileName/TextMeshSpawner.cs: 76f28e2ddb031571e6ec62b018f65fa8 -> 
  custom:scripting/monoscript/fileName/TeleType.cs: 31fa97821c4c70f157ec81d507aa6b62 -> 
  custom:scripting/monoscript/fileName/Benchmark04.cs: 32220b148620e52aa81c13a114862bf4 -> 
  custom:container-muxer-webm: aa71ff27fc2769a1b78a27578f13a17b -> 
  custom:scripting/monoscript/fileName/ControlHatDrop.cs: 226af703c37103fd7f22d244e2ba8bf9 -> 
  custom:video-decoder-webm-vp8: 9c59270c3fd7afecdb556c50c9e8de78 -> 
  custom:scripting/monoscript/fileName/TMP_PhoneNumberValidator.cs: 7c3049f481e464c6a9a15dee56c3126f -> 
  custom:scripting/monoscript/fileName/ItemData.cs: 909344eb9e79760f398b37212ee04017 -> 
  custom:scripting/monoscript/fileName/DragItem.cs: 03dbbb516a81bcdd881464a33adc73dc -> 
  custom:SearchIndexIgnoredProperties: e643bd26f0fe6173181afceb89e7c659 -> 
  custom:AudioImporter_EditorPlatform: d09bf68614088b80899f8185d706f6e7 -> 
  custom:scripting/monoscript/fileName/EnvMapAnimator.cs: 1b4f61c17e4b7283c3ac351aacff9d26 -> 
  custom:scripting/monoscript/fileName/ShaderPropAnimator.cs: 55ce425812446482e623ff2695c94cb2 -> 
  custom:scripting/monoscript/fileName/SimpleScript.cs: 454caab0c6c050f29b39d82e1d66d0fa -> 
  custom:scripting/monoscript/fileName/ObjectSpin.cs: 2b96bb2079dd7fa5108d981627a28e1e -> 
  custom:scripting/monoscript/fileName/InventoryItem.cs: fb9e7c37665c920101b61ce398ab2093 -> 
  custom:scripting/monoscript/fileName/Slot.cs: 485428e5f5d2ef8011dd4e7fe6af3ff7 -> 
  custom:scripting/monoscript/fileName/CameraController.cs: 34b6be4e23ce86dc89786916c5983296 -> 
  custom:scripting/monoscript/fileName/TMP_TextInfoDebugTool.cs: 3f1709cfb2cc628169113a35b5e9be3f -> 
  custom:scripting/monoscript/fileName/TMP_TextSelector_A.cs: 347309a09d56e367b188a6978f75b424 -> 
  custom:scripting/monoscript/fileName/FashionApplicator.cs: ec568a092ecc28cfd61f329151ddcfda -> 
  custom:video-encoder-webm-vp8: eb34c28f22e8b96e1ab97ce403110664 -> 
  custom:scripting/monoscript/fileName/ItemInitializerUnityEvent.cs: b05f833d6a2ddac0dfa2c5302eafe398 -> 
  custom:audio-decoder-ogg-vorbis: bf7c407c2cedff20999df2af8eb42d56 -> 
  custom:scripting/monoscript/fileName/AddItemFunctions.cs: 1c569f7e4803066bb5149916977aa1ca -> 
  custom:scripting/monoscript/fileName/VertexJitter.cs: d27eb5498e48714a66aece98da065133 -> 
  custom:scripting/monoscript/fileName/FirstPersonPlayer.cs: a5d35519901dcba8bf8702f5d21fce06 -> 
  custom:scripting/monoscript/fileName/InventoryUIManager.cs: 609efaf6a4e8eef59b505667f51b561e -> 
  custom:scripting/monoscript/fileName/InventoryControllerReact.cs: efaaf6bc821ae773d7446f2bf231b795 -> 
  custom:scripting/monoscript/fileName/TextConsoleSimulator.cs: 33fc311abb20b5b0ed8f00e4d86b574e -> 
  custom:scripting/monoscript/fileName/VertexColorCycler.cs: 5f984ca91cf3609293aecc6bc5641572 -> 
  custom:scripting/monoscript/fileName/TMP_FrameRateCounter.cs: 46f655df8cb483ac5958307137b1585a -> 
  custom:scripting/monoscript/fileName/VertexShakeB.cs: a6f78c4fcda1a29a1a1c1baefedba9e7 -> 
  custom:scripting/monoscript/fileName/TMP_UiFrameRateCounter.cs: b01021aea19247f14a98ab338907956a -> 
  custom:scripting/monoscript/fileName/TMPro_InstructionOverlay.cs: b626d2270e6ebd5c4311585c18b58d8d -> 
  custom:scripting/monoscript/fileName/Test.cs: 650f624f56353416145d9f8dc1e05afa -> 
  custom:scripting/monoscript/fileName/TMP_DigitValidator.cs: ac02af96215ae3951a3cce9e1a8c6085 -> 
  custom:scripting/monoscript/fileName/PlayerMovement.cs: d883fcf052808eb4d54c0d6d08078e34 -> 
  custom:audio-encoder-webm-vorbis: bf7c407c2cedff20999df2af8eb42d56 -> 
  custom:scripting/precompiled-assembly-types:Assembly-CSharp-Editor: d1f8cd1d84d4009737ac52b07eac0e0f -> 
  custom:scripting/monoscript/fileName/Benchmark01_UGUI.cs: 6148cfe2627b7708298f301788144139 -> 
  custom:scripting/monoscript/fileName/Start.cs: 40b2a4a4832d249e0693b489d52ec297 -> 55f27475cde769fb842c17b489581484
  custom:scripting/precompiled-assembly-types:Assembly-CSharp: 4ab34ed5e2f67166b6aea856519be1c9 -> 
  custom:scripting/monoscript/fileName/Benchmark03.cs: 17cc87e0529ac71d909a946afb47a274 -> 
  custom:scripting/monoscript/fileName/ItemInitializer.cs: 1e841ff738d975563589633e92d83ef9 -> 
  custom:scripting/monoscript/fileName/InventoryData.cs: 7059add940e3ac6c8a5cb1ef9b6a3ef1 -> 
========================================================================
Received Prepare
Caller must complete domain reload
Begin MonoManager ReloadAssembly
- Loaded All Assemblies, in  0.395 seconds
Native extension for WindowsStandalone target not found
Native extension for WebGL target not found
Mono: successfully reloaded assembly
- Finished resetting the current domain, in  1.111 seconds
Domain Reload Profiling: 1504ms
	BeginReloadAssembly (138ms)
		ExecutionOrderSort (0ms)
		DisableScriptedObjects (5ms)
		BackupInstance (0ms)
		ReleaseScriptingObjects (0ms)
		CreateAndSetChildDomain (27ms)
	RebuildCommonClasses (29ms)
	RebuildNativeTypeToScriptingClass (9ms)
	initialDomainReloadingComplete (27ms)
	LoadAllAssembliesAndSetupDomain (191ms)
		LoadAssemblies (255ms)
=======
		CreateAndSetChildDomain (33ms)
	RebuildCommonClasses (29ms)
	RebuildNativeTypeToScriptingClass (10ms)
	initialDomainReloadingComplete (29ms)
	LoadAllAssembliesAndSetupDomain (203ms)
		LoadAssemblies (269ms)
>>>>>>> Stashed changes
		RebuildTransferFunctionScriptingTraits (0ms)
		AnalyzeDomain (12ms)
			TypeCache.Refresh (5ms)
				TypeCache.ScanAssembly (0ms)
			ScanForSourceGeneratedMonoScriptInfo (0ms)
			ResolveRequiredComponents (5ms)
<<<<<<< Updated upstream
	FinalizeReload (1111ms)
		ReleaseScriptCaches (0ms)
		RebuildScriptCaches (0ms)
		SetupLoadedEditorAssemblies (505ms)
			LogAssemblyErrors (0ms)
			InitializePlatformSupportModulesInManaged (10ms)
			SetLoadedEditorAssemblies (4ms)
			RefreshPlugins (0ms)
			BeforeProcessingInitializeOnLoad (73ms)
			ProcessInitializeOnLoadAttributes (381ms)
			ProcessInitializeOnLoadMethodAttributes (29ms)
			AfterProcessingInitializeOnLoad (9ms)
			EditorAssembliesLoaded (0ms)
		ExecutionOrderSort2 (0ms)
		AwakeInstancesAfterBackupRestoration (9ms)
Refreshing native plugins compatible for Editor in 4.30 ms, found 3 plugins.
Preloading 0 native plugins for Editor in 0.00 ms.
Unloading 3378 Unused Serialized files (Serialized files now loaded: 0)
Unloading 13 unused Assets / (27.6 KB). Loaded Objects now: 3885.
Memory consumption went from 131.0 MB to 130.9 MB.
Total: 3.813700 ms (FindLiveObjects: 0.247300 ms CreateObjectMapping: 0.064700 ms MarkObjects: 3.439200 ms  DeleteObjects: 0.061100 ms)

Prepare: number of updated asset objects reloaded= 0
AssetImportParameters requested are different than current active one (requested -> active):
  custom:scripting/monoscript/fileName/MainMenu.cs: c093076ba5753d7bec74a8a751ffb653 -> 
  custom:scripting/monoscript/fileName/InventoryController.cs: 0c1931e2b21646c5126f8803cbc26cee -> 
  custom:scripting/monoscript/fileName/SkewTextExample.cs: c142d02d70a129e0533975f7c2f96956 -> 
  custom:scripting/monoscript/fileName/EnemyAI.cs: b23c04a72171da1bfba3c740e359e309 -> 
  custom:container-demuxer-ogg: 62fdf1f143b41e24485cea50d1cbac27 -> 
  custom:scripting/monoscript/fileName/InventorySaveSystem.cs: 73973b9bceba9f6b4f8cbae0291cf57f -> 
  custom:scripting/monoscript/fileName/TMP_TextEventHandler.cs: f5cd9d5a43bfefc8f4fec80e6de896a4 -> 
  custom:scripting/monoscript/fileName/InventoryUIReact.cs: 9d774bdc350acd4eb25dad765f3959b6 -> 
  custom:scripting/monoscript/fileName/TextMeshProFloatingText.cs: 92608fa4a6315cd0786d82205e77b697 -> 
  custom:scripting/monoscript/fileName/VertexZoom.cs: 650ab1e81d40126e3edcf737cce646e4 -> 
  custom:video-codec-MediaFoundation-h265: 746d11721c4dcdbdad8f713fa42b33f4 -> 
  custom:scripting/monoscript/fileName/ItemData - Copy.cs: aa443fe117f868e3be9d7f6bf5865156 -> 
  custom:scripting/monoscript/fileName/VertexShakeA.cs: 63ec564c588058369499638dd899e05b -> 
  custom:scripting/monoscript/fileName/TMP_ExampleScript_01.cs: a9d4be556104ff54e7d240529b3e01dc -> 
  custom:video-decoder-ogg-theora: a1e56fd34408186e4bbccfd4996cb3dc -> 
  custom:scripting/monoscript/fileName/TMP_TextEventCheck.cs: 13505d917eab5868c435e0c2986dadfa -> 
  custom:scripting/monoscript/fileName/TMP_TextSelector_B.cs: ba2be21a7486d37b1011342977a2e49d -> 
  custom:scripting/monoscript/fileName/Benchmark01.cs: 2d3e2cd961730ab95f139a49a673bace -> 
  custom:framework-win-MediaFoundation: 216162199b28c13a410421893ffa2e32 -> 
  custom:scripting/monoscript/fileName/Weapon Script.cs: 0b4d856b429b31aad65662a3c52c642a -> 
  custom:scripting/monoscript/fileName/Hat.cs: f30974d8a0b90056aaf88be254c43465 -> 
  custom:scripting/monoscript/fileName/InventoryInitializer.cs: 5a36108e7ab43afbbe7da3e6aff17626 -> 
  custom:scripting/monoscript/fileName/AddItem.cs: 3d7dc5837ad8b6a39c83a22f6ffe3bd5 -> 
  custom:scripting/monoscript/fileName/EnemyHealth.cs: a4d027726692f4f1a1dc379aafbb87e2 -> 
  custom:scripting/monoscript/fileName/Benchmark02.cs: 5640963252ce70910e726415f869ced6 -> 
  custom:scripting/monoscript/fileName/DropdownSample.cs: 0a92251794e5f10400149f96c3c59e5d -> 
  custom:scripting/monoscript/fileName/WarpTextExample.cs: 2663459c266363641981c7d17b698d7f -> 
  custom:CustomObjectIndexerAttribute: 9a22284fe3817be447336de3de66b15e -> 
  custom:scripting/monoscript/fileName/Chest.cs: f3a8f25e35960701ab07713482e99306 -> 
  custom:scripting/monoscript/fileName/Inventory.cs: 9fef8ca02e98834ae1b58ff796d1ee46 -> 
  custom:container-demuxer-webm: 4f35f7cbe854078d1ac9338744f61a02 -> 
  custom:scripting/monoscript/fileName/ChatController.cs: 876d5ccae6e345dd5d9450eb0a748f16 -> 
  custom:scripting/monoscript/fileName/AddItemReact.cs: 58ede0330577652779c398fb72f378b7 -> 
  custom:scripting/monoscript/fileName/TextMeshSpawner.cs: 76f28e2ddb031571e6ec62b018f65fa8 -> 
  custom:scripting/monoscript/fileName/TeleType.cs: 31fa97821c4c70f157ec81d507aa6b62 -> 
  custom:scripting/monoscript/fileName/Benchmark04.cs: 32220b148620e52aa81c13a114862bf4 -> 
  custom:container-muxer-webm: aa71ff27fc2769a1b78a27578f13a17b -> 
  custom:scripting/monoscript/fileName/ControlHatDrop.cs: 226af703c37103fd7f22d244e2ba8bf9 -> 
  custom:video-decoder-webm-vp8: 9c59270c3fd7afecdb556c50c9e8de78 -> 
  custom:scripting/monoscript/fileName/TMP_PhoneNumberValidator.cs: 7c3049f481e464c6a9a15dee56c3126f -> 
  custom:scripting/monoscript/fileName/ItemData.cs: 909344eb9e79760f398b37212ee04017 -> 
  custom:scripting/monoscript/fileName/DragItem.cs: 03dbbb516a81bcdd881464a33adc73dc -> 
  custom:SearchIndexIgnoredProperties: e643bd26f0fe6173181afceb89e7c659 -> 
  custom:AudioImporter_EditorPlatform: d09bf68614088b80899f8185d706f6e7 -> 
  custom:scripting/monoscript/fileName/EnvMapAnimator.cs: 1b4f61c17e4b7283c3ac351aacff9d26 -> 
  custom:scripting/monoscript/fileName/ShaderPropAnimator.cs: 55ce425812446482e623ff2695c94cb2 -> 
  custom:scripting/monoscript/fileName/SimpleScript.cs: 454caab0c6c050f29b39d82e1d66d0fa -> 
  custom:scripting/monoscript/fileName/ObjectSpin.cs: 2b96bb2079dd7fa5108d981627a28e1e -> 
  custom:scripting/monoscript/fileName/InventoryItem.cs: fb9e7c37665c920101b61ce398ab2093 -> 
  custom:scripting/monoscript/fileName/Slot.cs: 485428e5f5d2ef8011dd4e7fe6af3ff7 -> 
  custom:scripting/monoscript/fileName/CameraController.cs: 34b6be4e23ce86dc89786916c5983296 -> 
  custom:scripting/monoscript/fileName/TMP_TextInfoDebugTool.cs: 3f1709cfb2cc628169113a35b5e9be3f -> 
  custom:scripting/monoscript/fileName/TMP_TextSelector_A.cs: 347309a09d56e367b188a6978f75b424 -> 
  custom:scripting/monoscript/fileName/FashionApplicator.cs: ec568a092ecc28cfd61f329151ddcfda -> 
  custom:video-encoder-webm-vp8: eb34c28f22e8b96e1ab97ce403110664 -> 
  custom:scripting/monoscript/fileName/ItemInitializerUnityEvent.cs: b05f833d6a2ddac0dfa2c5302eafe398 -> 
  custom:audio-decoder-ogg-vorbis: bf7c407c2cedff20999df2af8eb42d56 -> 
  custom:scripting/monoscript/fileName/AddItemFunctions.cs: 1c569f7e4803066bb5149916977aa1ca -> 
  custom:scripting/monoscript/fileName/VertexJitter.cs: d27eb5498e48714a66aece98da065133 -> 
  custom:scripting/monoscript/fileName/FirstPersonPlayer.cs: a5d35519901dcba8bf8702f5d21fce06 -> 
  custom:scripting/monoscript/fileName/InventoryUIManager.cs: 609efaf6a4e8eef59b505667f51b561e -> 
  custom:scripting/monoscript/fileName/InventoryControllerReact.cs: efaaf6bc821ae773d7446f2bf231b795 -> 
  custom:scripting/monoscript/fileName/TextConsoleSimulator.cs: 33fc311abb20b5b0ed8f00e4d86b574e -> 
  custom:scripting/monoscript/fileName/VertexColorCycler.cs: 5f984ca91cf3609293aecc6bc5641572 -> 
  custom:scripting/monoscript/fileName/TMP_FrameRateCounter.cs: 46f655df8cb483ac5958307137b1585a -> 
  custom:scripting/monoscript/fileName/VertexShakeB.cs: a6f78c4fcda1a29a1a1c1baefedba9e7 -> 
  custom:scripting/monoscript/fileName/TMP_UiFrameRateCounter.cs: b01021aea19247f14a98ab338907956a -> 
  custom:scripting/monoscript/fileName/TMPro_InstructionOverlay.cs: b626d2270e6ebd5c4311585c18b58d8d -> 
  custom:scripting/monoscript/fileName/Test.cs: 650f624f56353416145d9f8dc1e05afa -> 
  custom:scripting/monoscript/fileName/TMP_DigitValidator.cs: ac02af96215ae3951a3cce9e1a8c6085 -> 
  custom:scripting/monoscript/fileName/PlayerMovement.cs: d883fcf052808eb4d54c0d6d08078e34 -> 
  custom:audio-encoder-webm-vorbis: bf7c407c2cedff20999df2af8eb42d56 -> 
  custom:scripting/precompiled-assembly-types:Assembly-CSharp-Editor: d1f8cd1d84d4009737ac52b07eac0e0f -> 
  custom:scripting/monoscript/fileName/Benchmark01_UGUI.cs: 6148cfe2627b7708298f301788144139 -> 
  custom:scripting/monoscript/fileName/Start.cs: 40b2a4a4832d249e0693b489d52ec297 -> 55f27475cde769fb842c17b489581484
  custom:scripting/precompiled-assembly-types:Assembly-CSharp: 4ab34ed5e2f67166b6aea856519be1c9 -> 
  custom:scripting/monoscript/fileName/Benchmark03.cs: 17cc87e0529ac71d909a946afb47a274 -> 
  custom:scripting/monoscript/fileName/ItemInitializer.cs: 1e841ff738d975563589633e92d83ef9 -> 
  custom:scripting/monoscript/fileName/InventoryData.cs: 7059add940e3ac6c8a5cb1ef9b6a3ef1 -> 
========================================================================
Received Import Request.
  Time since last request: 54.622873 seconds.
  path: Assets/Animation
  artifactKey: Guid(5a6a080b6fc4a8e4dbaf40c9525b0824) Importer(815301076,1909f56bfc062723c751e8b465ee728b)
Start importing Assets/Animation using Guid(5a6a080b6fc4a8e4dbaf40c9525b0824) Importer(815301076,1909f56bfc062723c751e8b465ee728b) [PhysX] Initialized MultithreadedTaskDispatcher with 22 workers.
 -> (artifact id: 'd1c9064eae12b32021d8fd5522ee6dfc') in 0.006087 seconds
Number of updated asset objects reloaded before import = 0
Number of asset objects unloaded after import = 0
========================================================================
Received Import Request.
  Time since last request: 1.074529 seconds.
  path: Assets/New Folder
  artifactKey: Guid(0b7f1bd1334a9c447aaa107362b492a0) Importer(815301076,1909f56bfc062723c751e8b465ee728b)
Start importing Assets/New Folder using Guid(0b7f1bd1334a9c447aaa107362b492a0) Importer(815301076,1909f56bfc062723c751e8b465ee728b) [PhysX] Initialized MultithreadedTaskDispatcher with 22 workers.
 -> (artifact id: '79b12b744dd6dc76003ee1ad886f8d9e') in 0.000840 seconds
Number of updated asset objects reloaded before import = 0
Number of asset objects unloaded after import = 0
========================================================================
Received Import Request.
  Time since last request: 24.048846 seconds.
  path: Assets/Animation/New Animator Controller.controller
  artifactKey: Guid(ed463f1ee9110cc43856d19786962af7) Importer(815301076,1909f56bfc062723c751e8b465ee728b)
Start importing Assets/Animation/New Animator Controller.controller using Guid(ed463f1ee9110cc43856d19786962af7) Importer(815301076,1909f56bfc062723c751e8b465ee728b) [PhysX] Initialized MultithreadedTaskDispatcher with 22 workers.
 -> (artifact id: '5fe6edb7fd6bac8b369b0844f13de615') in 0.015517 seconds
Number of updated asset objects reloaded before import = 0
Number of asset objects unloaded after import = 1
========================================================================
Received Import Request.
  Time since last request: 360.240026 seconds.
  path: Assets/LowPolyWeapons
  artifactKey: Guid(38d5d8a979f48a0459c3a2a2f0b67331) Importer(815301076,1909f56bfc062723c751e8b465ee728b)
Start importing Assets/LowPolyWeapons using Guid(38d5d8a979f48a0459c3a2a2f0b67331) Importer(815301076,1909f56bfc062723c751e8b465ee728b) [PhysX] Initialized MultithreadedTaskDispatcher with 22 workers.
 -> (artifact id: '2d1c39d8d3f8aa55d9ce8755f4007be3') in 0.001186 seconds
Number of updated asset objects reloaded before import = 0
Number of asset objects unloaded after import = 0
========================================================================
Received Import Request.
  Time since last request: 1.803006 seconds.
  path: Assets/LowPolyWeapons/Models
  artifactKey: Guid(793d1419ed5806e4c88037c094d9f6e0) Importer(815301076,1909f56bfc062723c751e8b465ee728b)
Start importing Assets/LowPolyWeapons/Models using Guid(793d1419ed5806e4c88037c094d9f6e0) Importer(815301076,1909f56bfc062723c751e8b465ee728b) [PhysX] Initialized MultithreadedTaskDispatcher with 22 workers.
 -> (artifact id: '0b95ae7d794d94a56c5d8e4dd0e18e9b') in 0.010782 seconds
Number of updated asset objects reloaded before import = 0
Number of asset objects unloaded after import = 0
========================================================================
Received Import Request.
  Time since last request: 0.081081 seconds.
  path: Assets/LowPolyWeapons/Models/LowPolyWeapons.fbx
  artifactKey: Guid(0674c08f5a480b74881afd54243c94ba) Importer(815301076,1909f56bfc062723c751e8b465ee728b)
Start importing Assets/LowPolyWeapons/Models/LowPolyWeapons.fbx using Guid(0674c08f5a480b74881afd54243c94ba) Importer(815301076,1909f56bfc062723c751e8b465ee728b) [PhysX] Initialized MultithreadedTaskDispatcher with 22 workers.
[PhysX] Initialized MultithreadedTaskDispatcher with 22 workers.
[PhysX] Initialized MultithreadedTaskDispatcher with 22 workers.
[PhysX] Initialized MultithreadedTaskDispatcher with 22 workers.
[PhysX] Initialized MultithreadedTaskDispatcher with 22 workers.
[PhysX] Initialized MultithreadedTaskDispatcher with 22 workers.
[PhysX] Initialized MultithreadedTaskDispatcher with 22 workers.
[PhysX] Initialized MultithreadedTaskDispatcher with 22 workers.
[PhysX] Initialized MultithreadedTaskDispatcher with 22 workers.
[PhysX] Initialized MultithreadedTaskDispatcher with 22 workers.
[PhysX] Initialized MultithreadedTaskDispatcher with 22 workers.
[PhysX] Initialized MultithreadedTaskDispatcher with 22 workers.
[PhysX] Initialized MultithreadedTaskDispatcher with 22 workers.
[PhysX] Initialized MultithreadedTaskDispatcher with 22 workers.
[PhysX] Initialized MultithreadedTaskDispatcher with 22 workers.
[PhysX] Initialized MultithreadedTaskDispatcher with 22 workers.
[PhysX] Initialized MultithreadedTaskDispatcher with 22 workers.
[PhysX] Initialized MultithreadedTaskDispatcher with 22 workers.
[PhysX] Initialized MultithreadedTaskDispatcher with 22 workers.
[PhysX] Initialized MultithreadedTaskDispatcher with 22 workers.
[PhysX] Initialized MultithreadedTaskDispatcher with 22 workers.
[PhysX] Initialized MultithreadedTaskDispatcher with 22 workers.
[PhysX] Initialized MultithreadedTaskDispatcher with 22 workers.
[PhysX] Initialized MultithreadedTaskDispatcher with 22 workers.
[PhysX] Initialized MultithreadedTaskDispatcher with 22 workers.
[PhysX] Initialized MultithreadedTaskDispatcher with 22 workers.
[PhysX] Initialized MultithreadedTaskDispatcher with 22 workers.
[PhysX] Initialized MultithreadedTaskDispatcher with 22 workers.
[PhysX] Initialized MultithreadedTaskDispatcher with 22 workers.
[PhysX] Initialized MultithreadedTaskDispatcher with 22 workers.
[PhysX] Initialized MultithreadedTaskDispatcher with 22 workers.
[PhysX] Initialized MultithreadedTaskDispatcher with 22 workers.
[PhysX] Initialized MultithreadedTaskDispatcher with 22 workers.
[PhysX] Initialized MultithreadedTaskDispatcher with 22 workers.
[PhysX] Initialized MultithreadedTaskDispatcher with 22 workers.
[PhysX] Initialized MultithreadedTaskDispatcher with 22 workers.
[PhysX] Initialized MultithreadedTaskDispatcher with 22 workers.
[PhysX] Initialized MultithreadedTaskDispatcher with 22 workers.
[PhysX] Initialized MultithreadedTaskDispatcher with 22 workers.
[PhysX] Initialized MultithreadedTaskDispatcher with 22 workers.
[PhysX] Initialized MultithreadedTaskDispatcher with 22 workers.
[PhysX] Initialized MultithreadedTaskDispatcher with 22 workers.
[PhysX] Initialized MultithreadedTaskDispatcher with 22 workers.
[PhysX] Initialized MultithreadedTaskDispatcher with 22 workers.
[PhysX] Initialized MultithreadedTaskDispatcher with 22 workers.
[PhysX] Initialized MultithreadedTaskDispatcher with 22 workers.
[PhysX] Initialized MultithreadedTaskDispatcher with 22 workers.
[PhysX] Initialized MultithreadedTaskDispatcher with 22 workers.
[PhysX] Initialized MultithreadedTaskDispatcher with 22 workers.
[PhysX] Initialized MultithreadedTaskDispatcher with 22 workers.
[PhysX] Initialized MultithreadedTaskDispatcher with 22 workers.
[PhysX] Initialized MultithreadedTaskDispatcher with 22 workers.
[PhysX] Initialized MultithreadedTaskDispatcher with 22 workers.
[PhysX] Initialized MultithreadedTaskDispatcher with 22 workers.
[PhysX] Initialized MultithreadedTaskDispatcher with 22 workers.
[PhysX] Initialized MultithreadedTaskDispatcher with 22 workers.
[PhysX] Initialized MultithreadedTaskDispatcher with 22 workers.
[PhysX] Initialized MultithreadedTaskDispatcher with 22 workers.
[PhysX] Initialized MultithreadedTaskDispatcher with 22 workers.
[PhysX] Initialized MultithreadedTaskDispatcher with 22 workers.
[PhysX] Initialized MultithreadedTaskDispatcher with 22 workers.
[PhysX] Initialized MultithreadedTaskDispatcher with 22 workers.
[PhysX] Initialized MultithreadedTaskDispatcher with 22 workers.
[PhysX] Initialized MultithreadedTaskDispatcher with 22 workers.
[PhysX] Initialized MultithreadedTaskDispatcher with 22 workers.
[PhysX] Initialized MultithreadedTaskDispatcher with 22 workers.
[PhysX] Initialized MultithreadedTaskDispatcher with 22 workers.
[PhysX] Initialized MultithreadedTaskDispatcher with 22 workers.
[PhysX] Initialized MultithreadedTaskDispatcher with 22 workers.
[PhysX] Initialized MultithreadedTaskDispatcher with 22 workers.
[PhysX] Initialized MultithreadedTaskDispatcher with 22 workers.
[PhysX] Initialized MultithreadedTaskDispatcher with 22 workers.
[PhysX] Initialized MultithreadedTaskDispatcher with 22 workers.
[PhysX] Initialized MultithreadedTaskDispatcher with 22 workers.
[PhysX] Initialized MultithreadedTaskDispatcher with 22 workers.
[PhysX] Initialized MultithreadedTaskDispatcher with 22 workers.
[PhysX] Initialized MultithreadedTaskDispatcher with 22 workers.
[PhysX] Initialized MultithreadedTaskDispatcher with 22 workers.
[PhysX] Initialized MultithreadedTaskDispatcher with 22 workers.
[PhysX] Initialized MultithreadedTaskDispatcher with 22 workers.
[PhysX] Initialized MultithreadedTaskDispatcher with 22 workers.
[PhysX] Initialized MultithreadedTaskDispatcher with 22 workers.
[PhysX] Initialized MultithreadedTaskDispatcher with 22 workers.
[PhysX] Initialized MultithreadedTaskDispatcher with 22 workers.
[PhysX] Initialized MultithreadedTaskDispatcher with 22 workers.
[PhysX] Initialized MultithreadedTaskDispatcher with 22 workers.
[PhysX] Initialized MultithreadedTaskDispatcher with 22 workers.
[PhysX] Initialized MultithreadedTaskDispatcher with 22 workers.
[PhysX] Initialized MultithreadedTaskDispatcher with 22 workers.
[PhysX] Initialized MultithreadedTaskDispatcher with 22 workers.
[PhysX] Initialized MultithreadedTaskDispatcher with 22 workers.
[PhysX] Initialized MultithreadedTaskDispatcher with 22 workers.
[PhysX] Initialized MultithreadedTaskDispatcher with 22 workers.
[PhysX] Initialized MultithreadedTaskDispatcher with 22 workers.
[PhysX] Initialized MultithreadedTaskDispatcher with 22 workers.
[PhysX] Initialized MultithreadedTaskDispatcher with 22 workers.
[PhysX] Initialized MultithreadedTaskDispatcher with 22 workers.
[PhysX] Initialized MultithreadedTaskDispatcher with 22 workers.
[PhysX] Initialized MultithreadedTaskDispatcher with 22 workers.
[PhysX] Initialized MultithreadedTaskDispatcher with 22 workers.
[PhysX] Initialized MultithreadedTaskDispatcher with 22 workers.
[PhysX] Initialized MultithreadedTaskDispatcher with 22 workers.
[PhysX] Initialized MultithreadedTaskDispatcher with 22 workers.
[PhysX] Initialized MultithreadedTaskDispatcher with 22 workers.
[PhysX] Initialized MultithreadedTaskDispatcher with 22 workers.
[PhysX] Initialized MultithreadedTaskDispatcher with 22 workers.
[PhysX] Initialized MultithreadedTaskDispatcher with 22 workers.
[PhysX] Initialized MultithreadedTaskDispatcher with 22 workers.
[PhysX] Initialized MultithreadedTaskDispatcher with 22 workers.
[PhysX] Initialized MultithreadedTaskDispatcher with 22 workers.
[PhysX] Initialized MultithreadedTaskDispatcher with 22 workers.
[PhysX] Initialized MultithreadedTaskDispatcher with 22 workers.
[PhysX] Initialized MultithreadedTaskDispatcher with 22 workers.
[PhysX] Initialized MultithreadedTaskDispatcher with 22 workers.
[PhysX] Initialized MultithreadedTaskDispatcher with 22 workers.
[PhysX] Initialized MultithreadedTaskDispatcher with 22 workers.
[PhysX] Initialized MultithreadedTaskDispatcher with 22 workers.
[PhysX] Initialized MultithreadedTaskDispatcher with 22 workers.
[PhysX] Initialized MultithreadedTaskDispatcher with 22 workers.
[PhysX] Initialized MultithreadedTaskDispatcher with 22 workers.
[PhysX] Initialized MultithreadedTaskDispatcher with 22 workers.
[PhysX] Initialized MultithreadedTaskDispatcher with 22 workers.
[PhysX] Initialized MultithreadedTaskDispatcher with 22 workers.
[PhysX] Initialized MultithreadedTaskDispatcher with 22 workers.
[PhysX] Initialized MultithreadedTaskDispatcher with 22 workers.
[PhysX] Initialized MultithreadedTaskDispatcher with 22 workers.
[PhysX] Initialized MultithreadedTaskDispatcher with 22 workers.
[PhysX] Initialized MultithreadedTaskDispatcher with 22 workers.
[PhysX] Initialized MultithreadedTaskDispatcher with 22 workers.
[PhysX] Initialized MultithreadedTaskDispatcher with 22 workers.
[PhysX] Initialized MultithreadedTaskDispatcher with 22 workers.
[PhysX] Initialized MultithreadedTaskDispatcher with 22 workers.
[PhysX] Initialized MultithreadedTaskDispatcher with 22 workers.
[PhysX] Initialized MultithreadedTaskDispatcher with 22 workers.
[PhysX] Initialized MultithreadedTaskDispatcher with 22 workers.
[PhysX] Initialized MultithreadedTaskDispatcher with 22 workers.
[PhysX] Initialized MultithreadedTaskDispatcher with 22 workers.
[PhysX] Initialized MultithreadedTaskDispatcher with 22 workers.
[PhysX] Initialized MultithreadedTaskDispatcher with 22 workers.
[PhysX] Initialized MultithreadedTaskDispatcher with 22 workers.
[PhysX] Initialized MultithreadedTaskDispatcher with 22 workers.
[PhysX] Initialized MultithreadedTaskDispatcher with 22 workers.
[PhysX] Initialized MultithreadedTaskDispatcher with 22 workers.
[PhysX] Initialized MultithreadedTaskDispatcher with 22 workers.
[PhysX] Initialized MultithreadedTaskDispatcher with 22 workers.
[PhysX] Initialized MultithreadedTaskDispatcher with 22 workers.
[PhysX] Initialized MultithreadedTaskDispatcher with 22 workers.
[PhysX] Initialized MultithreadedTaskDispatcher with 22 workers.
[PhysX] Initialized MultithreadedTaskDispatcher with 22 workers.
[PhysX] Initialized MultithreadedTaskDispatcher with 22 workers.
[PhysX] Initialized MultithreadedTaskDispatcher with 22 workers.
[PhysX] Initialized MultithreadedTaskDispatcher with 22 workers.
[PhysX] Initialized MultithreadedTaskDispatcher with 22 workers.
[PhysX] Initialized MultithreadedTaskDispatcher with 22 workers.
[PhysX] Initialized MultithreadedTaskDispatcher with 22 workers.
[PhysX] Initialized MultithreadedTaskDispatcher with 22 workers.
[PhysX] Initialized MultithreadedTaskDispatcher with 22 workers.
[PhysX] Initialized MultithreadedTaskDispatcher with 22 workers.
[PhysX] Initialized MultithreadedTaskDispatcher with 22 workers.
[PhysX] Initialized MultithreadedTaskDispatcher with 22 workers.
[PhysX] Initialized MultithreadedTaskDispatcher with 22 workers.
[PhysX] Initialized MultithreadedTaskDispatcher with 22 workers.
[PhysX] Initialized MultithreadedTaskDispatcher with 22 workers.
[PhysX] Initialized MultithreadedTaskDispatcher with 22 workers.
[PhysX] Initialized MultithreadedTaskDispatcher with 22 workers.
[PhysX] Initialized MultithreadedTaskDispatcher with 22 workers.
[PhysX] Initialized MultithreadedTaskDispatcher with 22 workers.
[PhysX] Initialized MultithreadedTaskDispatcher with 22 workers.
[PhysX] Initialized MultithreadedTaskDispatcher with 22 workers.
[PhysX] Initialized MultithreadedTaskDispatcher with 22 workers.
[PhysX] Initialized MultithreadedTaskDispatcher with 22 workers.
[PhysX] Initialized MultithreadedTaskDispatcher with 22 workers.
[PhysX] Initialized MultithreadedTaskDispatcher with 22 workers.
[PhysX] Initialized MultithreadedTaskDispatcher with 22 workers.
[PhysX] Initialized MultithreadedTaskDispatcher with 22 workers.
[PhysX] Initialized MultithreadedTaskDispatcher with 22 workers.
[PhysX] Initialized MultithreadedTaskDispatcher with 22 workers.
[PhysX] Initialized MultithreadedTaskDispatcher with 22 workers.
[PhysX] Initialized MultithreadedTaskDispatcher with 22 workers.
[PhysX] Initialized MultithreadedTaskDispatcher with 22 workers.
[PhysX] Initialized MultithreadedTaskDispatcher with 22 workers.
[PhysX] Initialized MultithreadedTaskDispatcher with 22 workers.
[PhysX] Initialized MultithreadedTaskDispatcher with 22 workers.
[PhysX] Initialized MultithreadedTaskDispatcher with 22 workers.
[PhysX] Initialized MultithreadedTaskDispatcher with 22 workers.
[PhysX] Initialized MultithreadedTaskDispatcher with 22 workers.
[PhysX] Initialized MultithreadedTaskDispatcher with 22 workers.
[PhysX] Initialized MultithreadedTaskDispatcher with 22 workers.
[PhysX] Initialized MultithreadedTaskDispatcher with 22 workers.
[PhysX] Initialized MultithreadedTaskDispatcher with 22 workers.
[PhysX] Initialized MultithreadedTaskDispatcher with 22 workers.
[PhysX] Initialized MultithreadedTaskDispatcher with 22 workers.
[PhysX] Initialized MultithreadedTaskDispatcher with 22 workers.
[PhysX] Initialized MultithreadedTaskDispatcher with 22 workers.
[PhysX] Initialized MultithreadedTaskDispatcher with 22 workers.
[PhysX] Initialized MultithreadedTaskDispatcher with 22 workers.
[PhysX] Initialized MultithreadedTaskDispatcher with 22 workers.
[PhysX] Initialized MultithreadedTaskDispatcher with 22 workers.
[PhysX] Initialized MultithreadedTaskDispatcher with 22 workers.
[PhysX] Initialized MultithreadedTaskDispatcher with 22 workers.
[PhysX] Initialized MultithreadedTaskDispatcher with 22 workers.
[PhysX] Initialized MultithreadedTaskDispatcher with 22 workers.
[PhysX] Initialized MultithreadedTaskDispatcher with 22 workers.
[PhysX] Initialized MultithreadedTaskDispatcher with 22 workers.
[PhysX] Initialized MultithreadedTaskDispatcher with 22 workers.
[PhysX] Initialized MultithreadedTaskDispatcher with 22 workers.
[PhysX] Initialized MultithreadedTaskDispatcher with 22 workers.
[PhysX] Initialized MultithreadedTaskDispatcher with 22 workers.
[PhysX] Initialized MultithreadedTaskDispatcher with 22 workers.
[PhysX] Initialized MultithreadedTaskDispatcher with 22 workers.
[PhysX] Initialized MultithreadedTaskDispatcher with 22 workers.
[PhysX] Initialized MultithreadedTaskDispatcher with 22 workers.
[PhysX] Initialized MultithreadedTaskDispatcher with 22 workers.
[PhysX] Initialized MultithreadedTaskDispatcher with 22 workers.
[PhysX] Initialized MultithreadedTaskDispatcher with 22 workers.
[PhysX] Initialized MultithreadedTaskDispatcher with 22 workers.
[PhysX] Initialized MultithreadedTaskDispatcher with 22 workers.
[PhysX] Initialized MultithreadedTaskDispatcher with 22 workers.
[PhysX] Initialized MultithreadedTaskDispatcher with 22 workers.
[PhysX] Initialized MultithreadedTaskDispatcher with 22 workers.
[PhysX] Initialized MultithreadedTaskDispatcher with 22 workers.
[PhysX] Initialized MultithreadedTaskDispatcher with 22 workers.
[PhysX] Initialized MultithreadedTaskDispatcher with 22 workers.
[PhysX] Initialized MultithreadedTaskDispatcher with 22 workers.
[PhysX] Initialized MultithreadedTaskDispatcher with 22 workers.
[PhysX] Initialized MultithreadedTaskDispatcher with 22 workers.
[PhysX] Initialized MultithreadedTaskDispatcher with 22 workers.
[PhysX] Initialized MultithreadedTaskDispatcher with 22 workers.
[PhysX] Initialized MultithreadedTaskDispatcher with 22 workers.
[PhysX] Initialized MultithreadedTaskDispatcher with 22 workers.
[PhysX] Initialized MultithreadedTaskDispatcher with 22 workers.
[PhysX] Initialized MultithreadedTaskDispatcher with 22 workers.
[PhysX] Initialized MultithreadedTaskDispatcher with 22 workers.
[PhysX] Initialized MultithreadedTaskDispatcher with 22 workers.
[PhysX] Initialized MultithreadedTaskDispatcher with 22 workers.
[PhysX] Initialized MultithreadedTaskDispatcher with 22 workers.
[PhysX] Initialized MultithreadedTaskDispatcher with 22 workers.
[PhysX] Initialized MultithreadedTaskDispatcher with 22 workers.
[PhysX] Initialized MultithreadedTaskDispatcher with 22 workers.
[PhysX] Initialized MultithreadedTaskDispatcher with 22 workers.
[PhysX] Initialized MultithreadedTaskDispatcher with 22 workers.
[PhysX] Initialized MultithreadedTaskDispatcher with 22 workers.
[PhysX] Initialized MultithreadedTaskDispatcher with 22 workers.
[PhysX] Initialized MultithreadedTaskDispatcher with 22 workers.
[PhysX] Initialized MultithreadedTaskDispatcher with 22 workers.
[PhysX] Initialized MultithreadedTaskDispatcher with 22 workers.
[PhysX] Initialized MultithreadedTaskDispatcher with 22 workers.
[PhysX] Initialized MultithreadedTaskDispatcher with 22 workers.
[PhysX] Initialized MultithreadedTaskDispatcher with 22 workers.
[PhysX] Initialized MultithreadedTaskDispatcher with 22 workers.
[PhysX] Initialized MultithreadedTaskDispatcher with 22 workers.
[PhysX] Initialized MultithreadedTaskDispatcher with 22 workers.
[PhysX] Initialized MultithreadedTaskDispatcher with 22 workers.
[PhysX] Initialized MultithreadedTaskDispatcher with 22 workers.
[PhysX] Initialized MultithreadedTaskDispatcher with 22 workers.
[PhysX] Initialized MultithreadedTaskDispatcher with 22 workers.
[PhysX] Initialized MultithreadedTaskDispatcher with 22 workers.
[PhysX] Initialized MultithreadedTaskDispatcher with 22 workers.
[PhysX] Initialized MultithreadedTaskDispatcher with 22 workers.
[PhysX] Initialized MultithreadedTaskDispatcher with 22 workers.
[PhysX] Initialized MultithreadedTaskDispatcher with 22 workers.
[PhysX] Initialized MultithreadedTaskDispatcher with 22 workers.
[PhysX] Initialized MultithreadedTaskDispatcher with 22 workers.
[PhysX] Initialized MultithreadedTaskDispatcher with 22 workers.
[PhysX] Initialized MultithreadedTaskDispatcher with 22 workers.
[PhysX] Initialized MultithreadedTaskDispatcher with 22 workers.
[PhysX] Initialized MultithreadedTaskDispatcher with 22 workers.
[PhysX] Initialized MultithreadedTaskDispatcher with 22 workers.
[PhysX] Initialized MultithreadedTaskDispatcher with 22 workers.
[PhysX] Initialized MultithreadedTaskDispatcher with 22 workers.
[PhysX] Initialized MultithreadedTaskDispatcher with 22 workers.
[PhysX] Initialized MultithreadedTaskDispatcher with 22 workers.
[PhysX] Initialized MultithreadedTaskDispatcher with 22 workers.
[PhysX] Initialized MultithreadedTaskDispatcher with 22 workers.
[PhysX] Initialized MultithreadedTaskDispatcher with 22 workers.
[PhysX] Initialized MultithreadedTaskDispatcher with 22 workers.
[PhysX] Initialized MultithreadedTaskDispatcher with 22 workers.
[PhysX] Initialized MultithreadedTaskDispatcher with 22 workers.
[PhysX] Initialized MultithreadedTaskDispatcher with 22 workers.
[PhysX] Initialized MultithreadedTaskDispatcher with 22 workers.
[PhysX] Initialized MultithreadedTaskDispatcher with 22 workers.
[PhysX] Initialized MultithreadedTaskDispatcher with 22 workers.
[PhysX] Initialized MultithreadedTaskDispatcher with 22 workers.
[PhysX] Initialized MultithreadedTaskDispatcher with 22 workers.
[PhysX] Initialized MultithreadedTaskDispatcher with 22 workers.
[PhysX] Initialized MultithreadedTaskDispatcher with 22 workers.
[PhysX] Initialized MultithreadedTaskDispatcher with 22 workers.
[PhysX] Initialized MultithreadedTaskDispatcher with 22 workers.
[PhysX] Initialized MultithreadedTaskDispatcher with 22 workers.
[PhysX] Initialized MultithreadedTaskDispatcher with 22 workers.
[PhysX] Initialized MultithreadedTaskDispatcher with 22 workers.
[PhysX] Initialized MultithreadedTaskDispatcher with 22 workers.
[PhysX] Initialized MultithreadedTaskDispatcher with 22 workers.
[PhysX] Initialized MultithreadedTaskDispatcher with 22 workers.
[PhysX] Initialized MultithreadedTaskDispatcher with 22 workers.
[PhysX] Initialized MultithreadedTaskDispatcher with 22 workers.
[PhysX] Initialized MultithreadedTaskDispatcher with 22 workers.
[PhysX] Initialized MultithreadedTaskDispatcher with 22 workers.
[PhysX] Initialized MultithreadedTaskDispatcher with 22 workers.
[PhysX] Initialized MultithreadedTaskDispatcher with 22 workers.
[PhysX] Initialized MultithreadedTaskDispatcher with 22 workers.
[PhysX] Initialized MultithreadedTaskDispatcher with 22 workers.
[PhysX] Initialized MultithreadedTaskDispatcher with 22 workers.
[PhysX] Initialized MultithreadedTaskDispatcher with 22 workers.
[PhysX] Initialized MultithreadedTaskDispatcher with 22 workers.
[PhysX] Initialized MultithreadedTaskDispatcher with 22 workers.
[PhysX] Initialized MultithreadedTaskDispatcher with 22 workers.
[PhysX] Initialized MultithreadedTaskDispatcher with 22 workers.
[PhysX] Initialized MultithreadedTaskDispatcher with 22 workers.
[PhysX] Initialized MultithreadedTaskDispatcher with 22 workers.
[PhysX] Initialized MultithreadedTaskDispatcher with 22 workers.
[PhysX] Initialized MultithreadedTaskDispatcher with 22 workers.
[PhysX] Initialized MultithreadedTaskDispatcher with 22 workers.
[PhysX] Initialized MultithreadedTaskDispatcher with 22 workers.
[PhysX] Initialized MultithreadedTaskDispatcher with 22 workers.
[PhysX] Initialized MultithreadedTaskDispatcher with 22 workers.
 -> (artifact id: 'f7db83502542b75fce66b79c8683a489') in 1.329464 seconds
Number of updated asset objects reloaded before import = 0
Number of asset objects unloaded after import = 791
========================================================================
Received Import Request.
  Time since last request: 10.483752 seconds.
  path: Assets/LowPolyWeapons/Prefabs
  artifactKey: Guid(fbe6ff57b7aeac54dbb9eb072ff36ec3) Importer(815301076,1909f56bfc062723c751e8b465ee728b)
Start importing Assets/LowPolyWeapons/Prefabs using Guid(fbe6ff57b7aeac54dbb9eb072ff36ec3) Importer(815301076,1909f56bfc062723c751e8b465ee728b) [PhysX] Initialized MultithreadedTaskDispatcher with 22 workers.
 -> (artifact id: 'c1ee3df618c64c6d267f1bf0c4e575eb') in 0.012777 seconds
Number of updated asset objects reloaded before import = 0
Number of asset objects unloaded after import = 0
========================================================================
Received Import Request.
  Time since last request: 12.508204 seconds.
  path: Assets/Gridness Studios
  artifactKey: Guid(905b7585f6a26ff48bfc119c50eec563) Importer(815301076,1909f56bfc062723c751e8b465ee728b)
Start importing Assets/Gridness Studios using Guid(905b7585f6a26ff48bfc119c50eec563) Importer(815301076,1909f56bfc062723c751e8b465ee728b) [PhysX] Initialized MultithreadedTaskDispatcher with 22 workers.
 -> (artifact id: '21c4fc9e295e5abfbe2359ebb6ebd978') in 0.000612 seconds
Number of updated asset objects reloaded before import = 0
Number of asset objects unloaded after import = 0
========================================================================
Received Import Request.
  Time since last request: 1.070487 seconds.
  path: Assets/Gridness Studios/Elementary Dungeon Pack Lite
  artifactKey: Guid(2e55dd1d2d8ad8c4b89f90c414e86dca) Importer(815301076,1909f56bfc062723c751e8b465ee728b)
Start importing Assets/Gridness Studios/Elementary Dungeon Pack Lite using Guid(2e55dd1d2d8ad8c4b89f90c414e86dca) Importer(815301076,1909f56bfc062723c751e8b465ee728b) [PhysX] Initialized MultithreadedTaskDispatcher with 22 workers.
 -> (artifact id: '0c629a0cb9d253466cec2e5127c13cd0') in 0.000511 seconds
Number of updated asset objects reloaded before import = 0
Number of asset objects unloaded after import = 0
========================================================================
Received Import Request.
  Time since last request: 1.212557 seconds.
  path: Assets/Gridness Studios/Elementary Dungeon Pack Lite/Materials
  artifactKey: Guid(2d12a463dfda39d478ee59e6024839df) Importer(815301076,1909f56bfc062723c751e8b465ee728b)
Start importing Assets/Gridness Studios/Elementary Dungeon Pack Lite/Materials using Guid(2d12a463dfda39d478ee59e6024839df) Importer(815301076,1909f56bfc062723c751e8b465ee728b) [PhysX] Initialized MultithreadedTaskDispatcher with 22 workers.
 -> (artifact id: '0ba185731aaf3328ac086f3e8b5ce781') in 0.000723 seconds
Number of updated asset objects reloaded before import = 0
Number of asset objects unloaded after import = 0
========================================================================
Received Import Request.
  Time since last request: 0.054746 seconds.
  path: Assets/Gridness Studios/Elementary Dungeon Pack Lite/Materials/Mat_Dungeon.mat
  artifactKey: Guid(ca32cada060cf774dbd29b2f3410086a) Importer(815301076,1909f56bfc062723c751e8b465ee728b)
Start importing Assets/Gridness Studios/Elementary Dungeon Pack Lite/Materials/Mat_Dungeon.mat using Guid(ca32cada060cf774dbd29b2f3410086a) Importer(815301076,1909f56bfc062723c751e8b465ee728b) [PhysX] Initialized MultithreadedTaskDispatcher with 22 workers.
[PhysX] Initialized MultithreadedTaskDispatcher with 22 workers.
 -> (artifact id: '73ff1f51150d0e796e28e44a9cba89d4') in 0.065442 seconds
Number of updated asset objects reloaded before import = 0
Number of asset objects unloaded after import = 2
========================================================================
Received Import Request.
  Time since last request: 0.000036 seconds.
  path: Assets/Gridness Studios/Elementary Dungeon Pack Lite/Materials/Skybox 1.mat
  artifactKey: Guid(53e9a18996b83c849bd9763c93a64ad6) Importer(815301076,1909f56bfc062723c751e8b465ee728b)
Start importing Assets/Gridness Studios/Elementary Dungeon Pack Lite/Materials/Skybox 1.mat using Guid(53e9a18996b83c849bd9763c93a64ad6) Importer(815301076,1909f56bfc062723c751e8b465ee728b) [PhysX] Initialized MultithreadedTaskDispatcher with 22 workers.
[PhysX] Initialized MultithreadedTaskDispatcher with 22 workers.
 -> (artifact id: '2aaf24ee2dac76608ef212af2bbcf832') in 0.375875 seconds
Number of updated asset objects reloaded before import = 0
Number of asset objects unloaded after import = 1
========================================================================
Received Import Request.
  Time since last request: 10.042646 seconds.
  path: Assets/Gridness Studios/Elementary Dungeon Pack Lite/Prefabs
  artifactKey: Guid(4eaa0d4a8de9d8e478d56368090bab2d) Importer(815301076,1909f56bfc062723c751e8b465ee728b)
Start importing Assets/Gridness Studios/Elementary Dungeon Pack Lite/Prefabs using Guid(4eaa0d4a8de9d8e478d56368090bab2d) Importer(815301076,1909f56bfc062723c751e8b465ee728b) [PhysX] Initialized MultithreadedTaskDispatcher with 22 workers.
 -> (artifact id: '12c130381bf31d25dbc5157e51bceb71') in 0.000778 seconds
Number of updated asset objects reloaded before import = 0
Number of asset objects unloaded after import = 0
========================================================================
Received Import Request.
  Time since last request: 0.085484 seconds.
  path: Assets/Gridness Studios/Elementary Dungeon Pack Lite/Prefabs/Barrel_C.prefab
  artifactKey: Guid(a1834b6441f5f964186d094e8fd881e5) Importer(815301076,1909f56bfc062723c751e8b465ee728b)
Start importing Assets/Gridness Studios/Elementary Dungeon Pack Lite/Prefabs/Barrel_C.prefab using Guid(a1834b6441f5f964186d094e8fd881e5) Importer(815301076,1909f56bfc062723c751e8b465ee728b) [PhysX] Initialized MultithreadedTaskDispatcher with 22 workers.
[PhysX] Initialized MultithreadedTaskDispatcher with 22 workers.
 -> (artifact id: 'ac6f749800adcef38bc01a161dab5b11') in 0.026049 seconds
Number of updated asset objects reloaded before import = 0
Number of asset objects unloaded after import = 10
========================================================================
Received Import Request.
  Time since last request: 0.000593 seconds.
  path: Assets/Gridness Studios/Elementary Dungeon Pack Lite/Prefabs/Cauldron.prefab
  artifactKey: Guid(d429c8a2280208c43ace747d82fa1864) Importer(815301076,1909f56bfc062723c751e8b465ee728b)
Start importing Assets/Gridness Studios/Elementary Dungeon Pack Lite/Prefabs/Cauldron.prefab using Guid(d429c8a2280208c43ace747d82fa1864) Importer(815301076,1909f56bfc062723c751e8b465ee728b) [PhysX] Initialized MultithreadedTaskDispatcher with 22 workers.
[PhysX] Initialized MultithreadedTaskDispatcher with 22 workers.
 -> (artifact id: '7e210e73d88c2e69dc9e56ecf0948c89') in 0.030633 seconds
Number of updated asset objects reloaded before import = 0
Number of asset objects unloaded after import = 10
========================================================================
Received Import Request.
  Time since last request: 0.000067 seconds.
  path: Assets/Gridness Studios/Elementary Dungeon Pack Lite/Prefabs/Sewer_Square.prefab
  artifactKey: Guid(41996a6ea1c51594381fbbe2d45b1187) Importer(815301076,1909f56bfc062723c751e8b465ee728b)
Start importing Assets/Gridness Studios/Elementary Dungeon Pack Lite/Prefabs/Sewer_Square.prefab using Guid(41996a6ea1c51594381fbbe2d45b1187) Importer(815301076,1909f56bfc062723c751e8b465ee728b) [PhysX] Initialized MultithreadedTaskDispatcher with 22 workers.
[PhysX] Initialized MultithreadedTaskDispatcher with 22 workers.
 -> (artifact id: 'dbaa4ffc626deadba8c1f4c0310c8c60') in 0.029080 seconds
Number of updated asset objects reloaded before import = 0
Number of asset objects unloaded after import = 10
========================================================================
Received Import Request.
  Time since last request: 0.000042 seconds.
  path: Assets/Gridness Studios/Elementary Dungeon Pack Lite/Prefabs/SquareChest_Bottom.prefab
  artifactKey: Guid(566ca9ac4aee88e47906121eaa705eb1) Importer(815301076,1909f56bfc062723c751e8b465ee728b)
Start importing Assets/Gridness Studios/Elementary Dungeon Pack Lite/Prefabs/SquareChest_Bottom.prefab using Guid(566ca9ac4aee88e47906121eaa705eb1) Importer(815301076,1909f56bfc062723c751e8b465ee728b) [PhysX] Initialized MultithreadedTaskDispatcher with 22 workers.
[PhysX] Initialized MultithreadedTaskDispatcher with 22 workers.
 -> (artifact id: 'ba8f8d0157cc70e4bb83b58e316a658a') in 0.028734 seconds
Number of updated asset objects reloaded before import = 0
Number of asset objects unloaded after import = 10
========================================================================
Received Import Request.
  Time since last request: 0.000031 seconds.
  path: Assets/Gridness Studios/Elementary Dungeon Pack Lite/Prefabs/Torch.001.prefab
  artifactKey: Guid(7a937ee5bc40ba142a195e3a41fa7258) Importer(815301076,1909f56bfc062723c751e8b465ee728b)
Start importing Assets/Gridness Studios/Elementary Dungeon Pack Lite/Prefabs/Torch.001.prefab using Guid(7a937ee5bc40ba142a195e3a41fa7258) Importer(815301076,1909f56bfc062723c751e8b465ee728b) [PhysX] Initialized MultithreadedTaskDispatcher with 22 workers.
[PhysX] Initialized MultithreadedTaskDispatcher with 22 workers.
 -> (artifact id: 'b6cb8fc5e1e4b19051ae143b59d7e73e') in 0.032549 seconds
Number of updated asset objects reloaded before import = 0
Number of asset objects unloaded after import = 23
========================================================================
Received Import Request.
  Time since last request: 0.000040 seconds.
  path: Assets/Gridness Studios/Elementary Dungeon Pack Lite/Prefabs/Sand_B.prefab
  artifactKey: Guid(237f7219ddf7c064e85f5158a48f6bbc) Importer(815301076,1909f56bfc062723c751e8b465ee728b)
Start importing Assets/Gridness Studios/Elementary Dungeon Pack Lite/Prefabs/Sand_B.prefab using Guid(237f7219ddf7c064e85f5158a48f6bbc) Importer(815301076,1909f56bfc062723c751e8b465ee728b) [PhysX] Initialized MultithreadedTaskDispatcher with 22 workers.
[PhysX] Initialized MultithreadedTaskDispatcher with 22 workers.
 -> (artifact id: '821b194fc4e939e243776f9be0ddbb0a') in 0.027609 seconds
Number of updated asset objects reloaded before import = 0
Number of asset objects unloaded after import = 10
========================================================================
Received Import Request.
  Time since last request: 0.000038 seconds.
  path: Assets/Gridness Studios/Elementary Dungeon Pack Lite/Prefabs/Shelf_Framed.prefab
  artifactKey: Guid(c0b6670604b282847a0f26cf98f36820) Importer(815301076,1909f56bfc062723c751e8b465ee728b)
Start importing Assets/Gridness Studios/Elementary Dungeon Pack Lite/Prefabs/Shelf_Framed.prefab using Guid(c0b6670604b282847a0f26cf98f36820) Importer(815301076,1909f56bfc062723c751e8b465ee728b) [PhysX] Initialized MultithreadedTaskDispatcher with 22 workers.
[PhysX] Initialized MultithreadedTaskDispatcher with 22 workers.
 -> (artifact id: 'ab088c41a55b70fc2cd3b9e0bb6e9e10') in 0.028466 seconds
Number of updated asset objects reloaded before import = 0
Number of asset objects unloaded after import = 10
========================================================================
Received Import Request.
  Time since last request: 0.000029 seconds.
  path: Assets/Gridness Studios/Elementary Dungeon Pack Lite/Prefabs/Chair_Small.001.prefab
  artifactKey: Guid(e0b2491dfd0bb9d4c9007eb87e252f4b) Importer(815301076,1909f56bfc062723c751e8b465ee728b)
Start importing Assets/Gridness Studios/Elementary Dungeon Pack Lite/Prefabs/Chair_Small.001.prefab using Guid(e0b2491dfd0bb9d4c9007eb87e252f4b) Importer(815301076,1909f56bfc062723c751e8b465ee728b) [PhysX] Initialized MultithreadedTaskDispatcher with 22 workers.
[PhysX] Initialized MultithreadedTaskDispatcher with 22 workers.
 -> (artifact id: '3cbac3e5c6fc3a59bbce9439e2ab9c57') in 0.025840 seconds
Number of updated asset objects reloaded before import = 0
Number of asset objects unloaded after import = 10
========================================================================
Received Import Request.
  Time since last request: 0.000030 seconds.
  path: Assets/Gridness Studios/Elementary Dungeon Pack Lite/Prefabs/Club.prefab
  artifactKey: Guid(7dd03d73abbd664469543d4489c76922) Importer(815301076,1909f56bfc062723c751e8b465ee728b)
Start importing Assets/Gridness Studios/Elementary Dungeon Pack Lite/Prefabs/Club.prefab using Guid(7dd03d73abbd664469543d4489c76922) Importer(815301076,1909f56bfc062723c751e8b465ee728b) [PhysX] Initialized MultithreadedTaskDispatcher with 22 workers.
[PhysX] Initialized MultithreadedTaskDispatcher with 22 workers.
 -> (artifact id: '2854422944d13f3d0fe494c24f5d2b52') in 0.028655 seconds
Number of updated asset objects reloaded before import = 0
Number of asset objects unloaded after import = 10
========================================================================
Received Import Request.
  Time since last request: 0.000024 seconds.
  path: Assets/Gridness Studios/Elementary Dungeon Pack Lite/Prefabs/Chain_Metal.002.prefab
  artifactKey: Guid(53ac7ce056616094cb0866450490c02d) Importer(815301076,1909f56bfc062723c751e8b465ee728b)
Start importing Assets/Gridness Studios/Elementary Dungeon Pack Lite/Prefabs/Chain_Metal.002.prefab using Guid(53ac7ce056616094cb0866450490c02d) Importer(815301076,1909f56bfc062723c751e8b465ee728b) [PhysX] Initialized MultithreadedTaskDispatcher with 22 workers.
[PhysX] Initialized MultithreadedTaskDispatcher with 22 workers.
 -> (artifact id: 'e864b26018db0fd7a222506465998296') in 0.027378 seconds
Number of updated asset objects reloaded before import = 0
Number of asset objects unloaded after import = 10
========================================================================
Received Import Request.
  Time since last request: 0.000084 seconds.
  path: Assets/Gridness Studios/Elementary Dungeon Pack Lite/Prefabs/Door_Middle.prefab
  artifactKey: Guid(4adae8232505e0e45b64cc3b61e9d9e1) Importer(815301076,1909f56bfc062723c751e8b465ee728b)
Start importing Assets/Gridness Studios/Elementary Dungeon Pack Lite/Prefabs/Door_Middle.prefab using Guid(4adae8232505e0e45b64cc3b61e9d9e1) Importer(815301076,1909f56bfc062723c751e8b465ee728b) [PhysX] Initialized MultithreadedTaskDispatcher with 22 workers.
[PhysX] Initialized MultithreadedTaskDispatcher with 22 workers.
 -> (artifact id: 'd88e0c23bbf5114b961d04d1fb85d67e') in 0.028811 seconds
Number of updated asset objects reloaded before import = 0
Number of asset objects unloaded after import = 10
========================================================================
Received Import Request.
  Time since last request: 0.000044 seconds.
  path: Assets/Gridness Studios/Elementary Dungeon Pack Lite/Prefabs/Stair.prefab
  artifactKey: Guid(cf46510179194d94c98bd8071b7d231d) Importer(815301076,1909f56bfc062723c751e8b465ee728b)
Start importing Assets/Gridness Studios/Elementary Dungeon Pack Lite/Prefabs/Stair.prefab using Guid(cf46510179194d94c98bd8071b7d231d) Importer(815301076,1909f56bfc062723c751e8b465ee728b) [PhysX] Initialized MultithreadedTaskDispatcher with 22 workers.
[PhysX] Initialized MultithreadedTaskDispatcher with 22 workers.
 -> (artifact id: '4d736731835808718ed53bc404e3f1db') in 0.027047 seconds
Number of updated asset objects reloaded before import = 0
Number of asset objects unloaded after import = 10
========================================================================
Received Import Request.
  Time since last request: 0.000031 seconds.
  path: Assets/Gridness Studios/Elementary Dungeon Pack Lite/Prefabs/Potion_Red.prefab
  artifactKey: Guid(44e723b3d5b0e8c478e3b502b94369d5) Importer(815301076,1909f56bfc062723c751e8b465ee728b)
Start importing Assets/Gridness Studios/Elementary Dungeon Pack Lite/Prefabs/Potion_Red.prefab using Guid(44e723b3d5b0e8c478e3b502b94369d5) Importer(815301076,1909f56bfc062723c751e8b465ee728b) [PhysX] Initialized MultithreadedTaskDispatcher with 22 workers.
[PhysX] Initialized MultithreadedTaskDispatcher with 22 workers.
 -> (artifact id: '71361b047d8ada65e775c9f15a494dec') in 0.025038 seconds
Number of updated asset objects reloaded before import = 0
Number of asset objects unloaded after import = 10
========================================================================
Received Import Request.
  Time since last request: 0.000030 seconds.
  path: Assets/Gridness Studios/Elementary Dungeon Pack Lite/Prefabs/Flag.004.prefab
  artifactKey: Guid(83b081522f15df64cb4f8b5416eccdec) Importer(815301076,1909f56bfc062723c751e8b465ee728b)
Start importing Assets/Gridness Studios/Elementary Dungeon Pack Lite/Prefabs/Flag.004.prefab using Guid(83b081522f15df64cb4f8b5416eccdec) Importer(815301076,1909f56bfc062723c751e8b465ee728b) [PhysX] Initialized MultithreadedTaskDispatcher with 22 workers.
[PhysX] Initialized MultithreadedTaskDispatcher with 22 workers.
 -> (artifact id: 'b53c90983fb78e2d37127acc7a6a6b19') in 0.028150 seconds
Number of updated asset objects reloaded before import = 0
Number of asset objects unloaded after import = 149
========================================================================
Received Import Request.
  Time since last request: 13.665824 seconds.
  path: Assets/Gridness Studios/Elementary Dungeon Pack Lite/Prefabs/Floor_Flat.prefab
  artifactKey: Guid(e7a79a14190d3d34f93236ba7164d734) Importer(815301076,1909f56bfc062723c751e8b465ee728b)
Start importing Assets/Gridness Studios/Elementary Dungeon Pack Lite/Prefabs/Floor_Flat.prefab using Guid(e7a79a14190d3d34f93236ba7164d734) Importer(815301076,1909f56bfc062723c751e8b465ee728b) [PhysX] Initialized MultithreadedTaskDispatcher with 22 workers.
[PhysX] Initialized MultithreadedTaskDispatcher with 22 workers.
 -> (artifact id: 'bb2406a8fa9a55ad6aecdb15dee20f42') in 0.038714 seconds
Number of updated asset objects reloaded before import = 0
Number of asset objects unloaded after import = 10
========================================================================
Received Import Request.
  Time since last request: 2.700726 seconds.
  path: Assets/Gridness Studios/Elementary Dungeon Pack Lite/Prefabs/Floor_Flat.prefab
  artifactKey: Guid(e7a79a14190d3d34f93236ba7164d734) Importer(815301076,1909f56bfc062723c751e8b465ee728b)
Start importing Assets/Gridness Studios/Elementary Dungeon Pack Lite/Prefabs/Floor_Flat.prefab using Guid(e7a79a14190d3d34f93236ba7164d734) Importer(815301076,1909f56bfc062723c751e8b465ee728b) [PhysX] Initialized MultithreadedTaskDispatcher with 22 workers.
[PhysX] Initialized MultithreadedTaskDispatcher with 22 workers.
 -> (artifact id: '8cdeff4fea185ca2e4c97a16063edadd') in 0.012910 seconds
Number of updated asset objects reloaded before import = 0
Number of asset objects unloaded after import = 10
========================================================================
Received Import Request.
  Time since last request: 103.486404 seconds.
  path: Assets/Gridness Studios/Elementary Dungeon Pack Lite/Prefabs/Untitled.fbx
  artifactKey: Guid(479842b9ce5d07b44b00b909ef5d1b98) Importer(815301076,1909f56bfc062723c751e8b465ee728b)
Start importing Assets/Gridness Studios/Elementary Dungeon Pack Lite/Prefabs/Untitled.fbx using Guid(479842b9ce5d07b44b00b909ef5d1b98) Importer(815301076,1909f56bfc062723c751e8b465ee728b) [PhysX] Initialized MultithreadedTaskDispatcher with 22 workers.
[PhysX] Initialized MultithreadedTaskDispatcher with 22 workers.
[PhysX] Initialized MultithreadedTaskDispatcher with 22 workers.
[PhysX] Initialized MultithreadedTaskDispatcher with 22 workers.
[PhysX] Initialized MultithreadedTaskDispatcher with 22 workers.
[PhysX] Initialized MultithreadedTaskDispatcher with 22 workers.
[PhysX] Initialized MultithreadedTaskDispatcher with 22 workers.
[PhysX] Initialized MultithreadedTaskDispatcher with 22 workers.
[PhysX] Initialized MultithreadedTaskDispatcher with 22 workers.
[PhysX] Initialized MultithreadedTaskDispatcher with 22 workers.
[PhysX] Initialized MultithreadedTaskDispatcher with 22 workers.
[PhysX] Initialized MultithreadedTaskDispatcher with 22 workers.
[PhysX] Initialized MultithreadedTaskDispatcher with 22 workers.
[PhysX] Initialized MultithreadedTaskDispatcher with 22 workers.
[PhysX] Initialized MultithreadedTaskDispatcher with 22 workers.
[PhysX] Initialized MultithreadedTaskDispatcher with 22 workers.
[PhysX] Initialized MultithreadedTaskDispatcher with 22 workers.
[PhysX] Initialized MultithreadedTaskDispatcher with 22 workers.
[PhysX] Initialized MultithreadedTaskDispatcher with 22 workers.
[PhysX] Initialized MultithreadedTaskDispatcher with 22 workers.
[PhysX] Initialized MultithreadedTaskDispatcher with 22 workers.
[PhysX] Initialized MultithreadedTaskDispatcher with 22 workers.
[PhysX] Initialized MultithreadedTaskDispatcher with 22 workers.
[PhysX] Initialized MultithreadedTaskDispatcher with 22 workers.
[PhysX] Initialized MultithreadedTaskDispatcher with 22 workers.
[PhysX] Initialized MultithreadedTaskDispatcher with 22 workers.
[PhysX] Initialized MultithreadedTaskDispatcher with 22 workers.
[PhysX] Initialized MultithreadedTaskDispatcher with 22 workers.
[PhysX] Initialized MultithreadedTaskDispatcher with 22 workers.
[PhysX] Initialized MultithreadedTaskDispatcher with 22 workers.
[PhysX] Initialized MultithreadedTaskDispatcher with 22 workers.
[PhysX] Initialized MultithreadedTaskDispatcher with 22 workers.
[PhysX] Initialized MultithreadedTaskDispatcher with 22 workers.
[PhysX] Initialized MultithreadedTaskDispatcher with 22 workers.
[PhysX] Initialized MultithreadedTaskDispatcher with 22 workers.
[PhysX] Initialized MultithreadedTaskDispatcher with 22 workers.
[PhysX] Initialized MultithreadedTaskDispatcher with 22 workers.
[PhysX] Initialized MultithreadedTaskDispatcher with 22 workers.
[PhysX] Initialized MultithreadedTaskDispatcher with 22 workers.
[PhysX] Initialized MultithreadedTaskDispatcher with 22 workers.
[PhysX] Initialized MultithreadedTaskDispatcher with 22 workers.
[PhysX] Initialized MultithreadedTaskDispatcher with 22 workers.
[PhysX] Initialized MultithreadedTaskDispatcher with 22 workers.
[PhysX] Initialized MultithreadedTaskDispatcher with 22 workers.
[PhysX] Initialized MultithreadedTaskDispatcher with 22 workers.
[PhysX] Initialized MultithreadedTaskDispatcher with 22 workers.
[PhysX] Initialized MultithreadedTaskDispatcher with 22 workers.
[PhysX] Initialized MultithreadedTaskDispatcher with 22 workers.
[PhysX] Initialized MultithreadedTaskDispatcher with 22 workers.
[PhysX] Initialized MultithreadedTaskDispatcher with 22 workers.
[PhysX] Initialized MultithreadedTaskDispatcher with 22 workers.
[PhysX] Initialized MultithreadedTaskDispatcher with 22 workers.
[PhysX] Initialized MultithreadedTaskDispatcher with 22 workers.
[PhysX] Initialized MultithreadedTaskDispatcher with 22 workers.
[PhysX] Initialized MultithreadedTaskDispatcher with 22 workers.
[PhysX] Initialized MultithreadedTaskDispatcher with 22 workers.
[PhysX] Initialized MultithreadedTaskDispatcher with 22 workers.
[PhysX] Initialized MultithreadedTaskDispatcher with 22 workers.
[PhysX] Initialized MultithreadedTaskDispatcher with 22 workers.
[PhysX] Initialized MultithreadedTaskDispatcher with 22 workers.
[PhysX] Initialized MultithreadedTaskDispatcher with 22 workers.
[PhysX] Initialized MultithreadedTaskDispatcher with 22 workers.
[PhysX] Initialized MultithreadedTaskDispatcher with 22 workers.
[PhysX] Initialized MultithreadedTaskDispatcher with 22 workers.
[PhysX] Initialized MultithreadedTaskDispatcher with 22 workers.
[PhysX] Initialized MultithreadedTaskDispatcher with 22 workers.
[PhysX] Initialized MultithreadedTaskDispatcher with 22 workers.
[PhysX] Initialized MultithreadedTaskDispatcher with 22 workers.
[PhysX] Initialized MultithreadedTaskDispatcher with 22 workers.
[PhysX] Initialized MultithreadedTaskDispatcher with 22 workers.
[PhysX] Initialized MultithreadedTaskDispatcher with 22 workers.
[PhysX] Initialized MultithreadedTaskDispatcher with 22 workers.
[PhysX] Initialized MultithreadedTaskDispatcher with 22 workers.
[PhysX] Initialized MultithreadedTaskDispatcher with 22 workers.
[PhysX] Initialized MultithreadedTaskDispatcher with 22 workers.
[PhysX] Initialized MultithreadedTaskDispatcher with 22 workers.
[PhysX] Initialized MultithreadedTaskDispatcher with 22 workers.
[PhysX] Initialized MultithreadedTaskDispatcher with 22 workers.
[PhysX] Initialized MultithreadedTaskDispatcher with 22 workers.
[PhysX] Initialized MultithreadedTaskDispatcher with 22 workers.
[PhysX] Initialized MultithreadedTaskDispatcher with 22 workers.
[PhysX] Initialized MultithreadedTaskDispatcher with 22 workers.
[PhysX] Initialized MultithreadedTaskDispatcher with 22 workers.
[PhysX] Initialized MultithreadedTaskDispatcher with 22 workers.
[PhysX] Initialized MultithreadedTaskDispatcher with 22 workers.
[PhysX] Initialized MultithreadedTaskDispatcher with 22 workers.
[PhysX] Initialized MultithreadedTaskDispatcher with 22 workers.
[PhysX] Initialized MultithreadedTaskDispatcher with 22 workers.
[PhysX] Initialized MultithreadedTaskDispatcher with 22 workers.
[PhysX] Initialized MultithreadedTaskDispatcher with 22 workers.
[PhysX] Initialized MultithreadedTaskDispatcher with 22 workers.
[PhysX] Initialized MultithreadedTaskDispatcher with 22 workers.
[PhysX] Initialized MultithreadedTaskDispatcher with 22 workers.
[PhysX] Initialized MultithreadedTaskDispatcher with 22 workers.
[PhysX] Initialized MultithreadedTaskDispatcher with 22 workers.
[PhysX] Initialized MultithreadedTaskDispatcher with 22 workers.
[PhysX] Initialized MultithreadedTaskDispatcher with 22 workers.
[PhysX] Initialized MultithreadedTaskDispatcher with 22 workers.
[PhysX] Initialized MultithreadedTaskDispatcher with 22 workers.
[PhysX] Initialized MultithreadedTaskDispatcher with 22 workers.
[PhysX] Initialized MultithreadedTaskDispatcher with 22 workers.
[PhysX] Initialized MultithreadedTaskDispatcher with 22 workers.
[PhysX] Initialized MultithreadedTaskDispatcher with 22 workers.
[PhysX] Initialized MultithreadedTaskDispatcher with 22 workers.
[PhysX] Initialized MultithreadedTaskDispatcher with 22 workers.
[PhysX] Initialized MultithreadedTaskDispatcher with 22 workers.
[PhysX] Initialized MultithreadedTaskDispatcher with 22 workers.
[PhysX] Initialized MultithreadedTaskDispatcher with 22 workers.
[PhysX] Initialized MultithreadedTaskDispatcher with 22 workers.
[PhysX] Initialized MultithreadedTaskDispatcher with 22 workers.
[PhysX] Initialized MultithreadedTaskDispatcher with 22 workers.
[PhysX] Initialized MultithreadedTaskDispatcher with 22 workers.
[PhysX] Initialized MultithreadedTaskDispatcher with 22 workers.
[PhysX] Initialized MultithreadedTaskDispatcher with 22 workers.
[PhysX] Initialized MultithreadedTaskDispatcher with 22 workers.
[PhysX] Initialized MultithreadedTaskDispatcher with 22 workers.
[PhysX] Initialized MultithreadedTaskDispatcher with 22 workers.
[PhysX] Initialized MultithreadedTaskDispatcher with 22 workers.
[PhysX] Initialized MultithreadedTaskDispatcher with 22 workers.
[PhysX] Initialized MultithreadedTaskDispatcher with 22 workers.
[PhysX] Initialized MultithreadedTaskDispatcher with 22 workers.
[PhysX] Initialized MultithreadedTaskDispatcher with 22 workers.
[PhysX] Initialized MultithreadedTaskDispatcher with 22 workers.
[PhysX] Initialized MultithreadedTaskDispatcher with 22 workers.
[PhysX] Initialized MultithreadedTaskDispatcher with 22 workers.
[PhysX] Initialized MultithreadedTaskDispatcher with 22 workers.
[PhysX] Initialized MultithreadedTaskDispatcher with 22 workers.
[PhysX] Initialized MultithreadedTaskDispatcher with 22 workers.
[PhysX] Initialized MultithreadedTaskDispatcher with 22 workers.
[PhysX] Initialized MultithreadedTaskDispatcher with 22 workers.
[PhysX] Initialized MultithreadedTaskDispatcher with 22 workers.
[PhysX] Initialized MultithreadedTaskDispatcher with 22 workers.
[PhysX] Initialized MultithreadedTaskDispatcher with 22 workers.
[PhysX] Initialized MultithreadedTaskDispatcher with 22 workers.
[PhysX] Initialized MultithreadedTaskDispatcher with 22 workers.
[PhysX] Initialized MultithreadedTaskDispatcher with 22 workers.
[PhysX] Initialized MultithreadedTaskDispatcher with 22 workers.
[PhysX] Initialized MultithreadedTaskDispatcher with 22 workers.
[PhysX] Initialized MultithreadedTaskDispatcher with 22 workers.
[PhysX] Initialized MultithreadedTaskDispatcher with 22 workers.
[PhysX] Initialized MultithreadedTaskDispatcher with 22 workers.
[PhysX] Initialized MultithreadedTaskDispatcher with 22 workers.
[PhysX] Initialized MultithreadedTaskDispatcher with 22 workers.
[PhysX] Initialized MultithreadedTaskDispatcher with 22 workers.
[PhysX] Initialized MultithreadedTaskDispatcher with 22 workers.
[PhysX] Initialized MultithreadedTaskDispatcher with 22 workers.
[PhysX] Initialized MultithreadedTaskDispatcher with 22 workers.
[PhysX] Initialized MultithreadedTaskDispatcher with 22 workers.
[PhysX] Initialized MultithreadedTaskDispatcher with 22 workers.
[PhysX] Initialized MultithreadedTaskDispatcher with 22 workers.
[PhysX] Initialized MultithreadedTaskDispatcher with 22 workers.
[PhysX] Initialized MultithreadedTaskDispatcher with 22 workers.
[PhysX] Initialized MultithreadedTaskDispatcher with 22 workers.
[PhysX] Initialized MultithreadedTaskDispatcher with 22 workers.
[PhysX] Initialized MultithreadedTaskDispatcher with 22 workers.
[PhysX] Initialized MultithreadedTaskDispatcher with 22 workers.
[PhysX] Initialized MultithreadedTaskDispatcher with 22 workers.
[PhysX] Initialized MultithreadedTaskDispatcher with 22 workers.
[PhysX] Initialized MultithreadedTaskDispatcher with 22 workers.
[PhysX] Initialized MultithreadedTaskDispatcher with 22 workers.
[PhysX] Initialized MultithreadedTaskDispatcher with 22 workers.
[PhysX] Initialized MultithreadedTaskDispatcher with 22 workers.
[PhysX] Initialized MultithreadedTaskDispatcher with 22 workers.
[PhysX] Initialized MultithreadedTaskDispatcher with 22 workers.
[PhysX] Initialized MultithreadedTaskDispatcher with 22 workers.
[PhysX] Initialized MultithreadedTaskDispatcher with 22 workers.
[PhysX] Initialized MultithreadedTaskDispatcher with 22 workers.
[PhysX] Initialized MultithreadedTaskDispatcher with 22 workers.
[PhysX] Initialized MultithreadedTaskDispatcher with 22 workers.
[PhysX] Initialized MultithreadedTaskDispatcher with 22 workers.
[PhysX] Initialized MultithreadedTaskDispatcher with 22 workers.
[PhysX] Initialized MultithreadedTaskDispatcher with 22 workers.
[PhysX] Initialized MultithreadedTaskDispatcher with 22 workers.
[PhysX] Initialized MultithreadedTaskDispatcher with 22 workers.
[PhysX] Initialized MultithreadedTaskDispatcher with 22 workers.
[PhysX] Initialized MultithreadedTaskDispatcher with 22 workers.
[PhysX] Initialized MultithreadedTaskDispatcher with 22 workers.
[PhysX] Initialized MultithreadedTaskDispatcher with 22 workers.
[PhysX] Initialized MultithreadedTaskDispatcher with 22 workers.
[PhysX] Initialized MultithreadedTaskDispatcher with 22 workers.
[PhysX] Initialized MultithreadedTaskDispatcher with 22 workers.
[PhysX] Initialized MultithreadedTaskDispatcher with 22 workers.
[PhysX] Initialized MultithreadedTaskDispatcher with 22 workers.
[PhysX] Initialized MultithreadedTaskDispatcher with 22 workers.
[PhysX] Initialized MultithreadedTaskDispatcher with 22 workers.
[PhysX] Initialized MultithreadedTaskDispatcher with 22 workers.
[PhysX] Initialized MultithreadedTaskDispatcher with 22 workers.
[PhysX] Initialized MultithreadedTaskDispatcher with 22 workers.
[PhysX] Initialized MultithreadedTaskDispatcher with 22 workers.
[PhysX] Initialized MultithreadedTaskDispatcher with 22 workers.
[PhysX] Initialized MultithreadedTaskDispatcher with 22 workers.
[PhysX] Initialized MultithreadedTaskDispatcher with 22 workers.
[PhysX] Initialized MultithreadedTaskDispatcher with 22 workers.
[PhysX] Initialized MultithreadedTaskDispatcher with 22 workers.
[PhysX] Initialized MultithreadedTaskDispatcher with 22 workers.
[PhysX] Initialized MultithreadedTaskDispatcher with 22 workers.
[PhysX] Initialized MultithreadedTaskDispatcher with 22 workers.
[PhysX] Initialized MultithreadedTaskDispatcher with 22 workers.
[PhysX] Initialized MultithreadedTaskDispatcher with 22 workers.
[PhysX] Initialized MultithreadedTaskDispatcher with 22 workers.
[PhysX] Initialized MultithreadedTaskDispatcher with 22 workers.
[PhysX] Initialized MultithreadedTaskDispatcher with 22 workers.
[PhysX] Initialized MultithreadedTaskDispatcher with 22 workers.
[PhysX] Initialized MultithreadedTaskDispatcher with 22 workers.
[PhysX] Initialized MultithreadedTaskDispatcher with 22 workers.
[PhysX] Initialized MultithreadedTaskDispatcher with 22 workers.
[PhysX] Initialized MultithreadedTaskDispatcher with 22 workers.
[PhysX] Initialized MultithreadedTaskDispatcher with 22 workers.
[PhysX] Initialized MultithreadedTaskDispatcher with 22 workers.
[PhysX] Initialized MultithreadedTaskDispatcher with 22 workers.
[PhysX] Initialized MultithreadedTaskDispatcher with 22 workers.
[PhysX] Initialized MultithreadedTaskDispatcher with 22 workers.
[PhysX] Initialized MultithreadedTaskDispatcher with 22 workers.
[PhysX] Initialized MultithreadedTaskDispatcher with 22 workers.
[PhysX] Initialized MultithreadedTaskDispatcher with 22 workers.
[PhysX] Initialized MultithreadedTaskDispatcher with 22 workers.
[PhysX] Initialized MultithreadedTaskDispatcher with 22 workers.
[PhysX] Initialized MultithreadedTaskDispatcher with 22 workers.
[PhysX] Initialized MultithreadedTaskDispatcher with 22 workers.
[PhysX] Initialized MultithreadedTaskDispatcher with 22 workers.
[PhysX] Initialized MultithreadedTaskDispatcher with 22 workers.
[PhysX] Initialized MultithreadedTaskDispatcher with 22 workers.
[PhysX] Initialized MultithreadedTaskDispatcher with 22 workers.
[PhysX] Initialized MultithreadedTaskDispatcher with 22 workers.
[PhysX] Initialized MultithreadedTaskDispatcher with 22 workers.
[PhysX] Initialized MultithreadedTaskDispatcher with 22 workers.
[PhysX] Initialized MultithreadedTaskDispatcher with 22 workers.
[PhysX] Initialized MultithreadedTaskDispatcher with 22 workers.
[PhysX] Initialized MultithreadedTaskDispatcher with 22 workers.
[PhysX] Initialized MultithreadedTaskDispatcher with 22 workers.
[PhysX] Initialized MultithreadedTaskDispatcher with 22 workers.
[PhysX] Initialized MultithreadedTaskDispatcher with 22 workers.
[PhysX] Initialized MultithreadedTaskDispatcher with 22 workers.
[PhysX] Initialized MultithreadedTaskDispatcher with 22 workers.
[PhysX] Initialized MultithreadedTaskDispatcher with 22 workers.
[PhysX] Initialized MultithreadedTaskDispatcher with 22 workers.
[PhysX] Initialized MultithreadedTaskDispatcher with 22 workers.
[PhysX] Initialized MultithreadedTaskDispatcher with 22 workers.
[PhysX] Initialized MultithreadedTaskDispatcher with 22 workers.
[PhysX] Initialized MultithreadedTaskDispatcher with 22 workers.
[PhysX] Initialized MultithreadedTaskDispatcher with 22 workers.
[PhysX] Initialized MultithreadedTaskDispatcher with 22 workers.
[PhysX] Initialized MultithreadedTaskDispatcher with 22 workers.
[PhysX] Initialized MultithreadedTaskDispatcher with 22 workers.
[PhysX] Initialized MultithreadedTaskDispatcher with 22 workers.
[PhysX] Initialized MultithreadedTaskDispatcher with 22 workers.
[PhysX] Initialized MultithreadedTaskDispatcher with 22 workers.
[PhysX] Initialized MultithreadedTaskDispatcher with 22 workers.
[PhysX] Initialized MultithreadedTaskDispatcher with 22 workers.
[PhysX] Initialized MultithreadedTaskDispatcher with 22 workers.
[PhysX] Initialized MultithreadedTaskDispatcher with 22 workers.
[PhysX] Initialized MultithreadedTaskDispatcher with 22 workers.
[PhysX] Initialized MultithreadedTaskDispatcher with 22 workers.
[PhysX] Initialized MultithreadedTaskDispatcher with 22 workers.
[PhysX] Initialized MultithreadedTaskDispatcher with 22 workers.
[PhysX] Initialized MultithreadedTaskDispatcher with 22 workers.
[PhysX] Initialized MultithreadedTaskDispatcher with 22 workers.
[PhysX] Initialized MultithreadedTaskDispatcher with 22 workers.
[PhysX] Initialized MultithreadedTaskDispatcher with 22 workers.
[PhysX] Initialized MultithreadedTaskDispatcher with 22 workers.
[PhysX] Initialized MultithreadedTaskDispatcher with 22 workers.
[PhysX] Initialized MultithreadedTaskDispatcher with 22 workers.
[PhysX] Initialized MultithreadedTaskDispatcher with 22 workers.
[PhysX] Initialized MultithreadedTaskDispatcher with 22 workers.
[PhysX] Initialized MultithreadedTaskDispatcher with 22 workers.
[PhysX] Initialized MultithreadedTaskDispatcher with 22 workers.
[PhysX] Initialized MultithreadedTaskDispatcher with 22 workers.
[PhysX] Initialized MultithreadedTaskDispatcher with 22 workers.
[PhysX] Initialized MultithreadedTaskDispatcher with 22 workers.
[PhysX] Initialized MultithreadedTaskDispatcher with 22 workers.
[PhysX] Initialized MultithreadedTaskDispatcher with 22 workers.
[PhysX] Initialized MultithreadedTaskDispatcher with 22 workers.
[PhysX] Initialized MultithreadedTaskDispatcher with 22 workers.
[PhysX] Initialized MultithreadedTaskDispatcher with 22 workers.
[PhysX] Initialized MultithreadedTaskDispatcher with 22 workers.
[PhysX] Initialized MultithreadedTaskDispatcher with 22 workers.
[PhysX] Initialized MultithreadedTaskDispatcher with 22 workers.
[PhysX] Initialized MultithreadedTaskDispatcher with 22 workers.
[PhysX] Initialized MultithreadedTaskDispatcher with 22 workers.
[PhysX] Initialized MultithreadedTaskDispatcher with 22 workers.
[PhysX] Initialized MultithreadedTaskDispatcher with 22 workers.
[PhysX] Initialized MultithreadedTaskDispatcher with 22 workers.
[PhysX] Initialized MultithreadedTaskDispatcher with 22 workers.
[PhysX] Initialized MultithreadedTaskDispatcher with 22 workers.
[PhysX] Initialized MultithreadedTaskDispatcher with 22 workers.
[PhysX] Initialized MultithreadedTaskDispatcher with 22 workers.
[PhysX] Initialized MultithreadedTaskDispatcher with 22 workers.
[PhysX] Initialized MultithreadedTaskDispatcher with 22 workers.
[PhysX] Initialized MultithreadedTaskDispatcher with 22 workers.
[PhysX] Initialized MultithreadedTaskDispatcher with 22 workers.
[PhysX] Initialized MultithreadedTaskDispatcher with 22 workers.
[PhysX] Initialized MultithreadedTaskDispatcher with 22 workers.
[PhysX] Initialized MultithreadedTaskDispatcher with 22 workers.
[PhysX] Initialized MultithreadedTaskDispatcher with 22 workers.
[PhysX] Initialized MultithreadedTaskDispatcher with 22 workers.
[PhysX] Initialized MultithreadedTaskDispatcher with 22 workers.
[PhysX] Initialized MultithreadedTaskDispatcher with 22 workers.
[PhysX] Initialized MultithreadedTaskDispatcher with 22 workers.
[PhysX] Initialized MultithreadedTaskDispatcher with 22 workers.
[PhysX] Initialized MultithreadedTaskDispatcher with 22 workers.
[PhysX] Initialized MultithreadedTaskDispatcher with 22 workers.
[PhysX] Initialized MultithreadedTaskDispatcher with 22 workers.
[PhysX] Initialized MultithreadedTaskDispatcher with 22 workers.
[PhysX] Initialized MultithreadedTaskDispatcher with 22 workers.
[PhysX] Initialized MultithreadedTaskDispatcher with 22 workers.
[PhysX] Initialized MultithreadedTaskDispatcher with 22 workers.
[PhysX] Initialized MultithreadedTaskDispatcher with 22 workers.
[PhysX] Initialized MultithreadedTaskDispatcher with 22 workers.
[PhysX] Initialized MultithreadedTaskDispatcher with 22 workers.
[PhysX] Initialized MultithreadedTaskDispatcher with 22 workers.
[PhysX] Initialized MultithreadedTaskDispatcher with 22 workers.
[PhysX] Initialized MultithreadedTaskDispatcher with 22 workers.
[PhysX] Initialized MultithreadedTaskDispatcher with 22 workers.
[PhysX] Initialized MultithreadedTaskDispatcher with 22 workers.
[PhysX] Initialized MultithreadedTaskDispatcher with 22 workers.
[PhysX] Initialized MultithreadedTaskDispatcher with 22 workers.
[PhysX] Initialized MultithreadedTaskDispatcher with 22 workers.
[PhysX] Initialized MultithreadedTaskDispatcher with 22 workers.
[PhysX] Initialized MultithreadedTaskDispatcher with 22 workers.
[PhysX] Initialized MultithreadedTaskDispatcher with 22 workers.
[PhysX] Initialized MultithreadedTaskDispatcher with 22 workers.
[PhysX] Initialized MultithreadedTaskDispatcher with 22 workers.
[PhysX] Initialized MultithreadedTaskDispatcher with 22 workers.
[PhysX] Initialized MultithreadedTaskDispatcher with 22 workers.
[PhysX] Initialized MultithreadedTaskDispatcher with 22 workers.
[PhysX] Initialized MultithreadedTaskDispatcher with 22 workers.
[PhysX] Initialized MultithreadedTaskDispatcher with 22 workers.
[PhysX] Initialized MultithreadedTaskDispatcher with 22 workers.
[PhysX] Initialized MultithreadedTaskDispatcher with 22 workers.
[PhysX] Initialized MultithreadedTaskDispatcher with 22 workers.
[PhysX] Initialized MultithreadedTaskDispatcher with 22 workers.
[PhysX] Initialized MultithreadedTaskDispatcher with 22 workers.
[PhysX] Initialized MultithreadedTaskDispatcher with 22 workers.
[PhysX] Initialized MultithreadedTaskDispatcher with 22 workers.
[PhysX] Initialized MultithreadedTaskDispatcher with 22 workers.
[PhysX] Initialized MultithreadedTaskDispatcher with 22 workers.
[PhysX] Initialized MultithreadedTaskDispatcher with 22 workers.
[PhysX] Initialized MultithreadedTaskDispatcher with 22 workers.
[PhysX] Initialized MultithreadedTaskDispatcher with 22 workers.
[PhysX] Initialized MultithreadedTaskDispatcher with 22 workers.
[PhysX] Initialized MultithreadedTaskDispatcher with 22 workers.
[PhysX] Initialized MultithreadedTaskDispatcher with 22 workers.
[PhysX] Initialized MultithreadedTaskDispatcher with 22 workers.
[PhysX] Initialized MultithreadedTaskDispatcher with 22 workers.
[PhysX] Initialized MultithreadedTaskDispatcher with 22 workers.
[PhysX] Initialized MultithreadedTaskDispatcher with 22 workers.
[PhysX] Initialized MultithreadedTaskDispatcher with 22 workers.
[PhysX] Initialized MultithreadedTaskDispatcher with 22 workers.
[PhysX] Initialized MultithreadedTaskDispatcher with 22 workers.
[PhysX] Initialized MultithreadedTaskDispatcher with 22 workers.
[PhysX] Initialized MultithreadedTaskDispatcher with 22 workers.
[PhysX] Initialized MultithreadedTaskDispatcher with 22 workers.
[PhysX] Initialized MultithreadedTaskDispatcher with 22 workers.
[PhysX] Initialized MultithreadedTaskDispatcher with 22 workers.
[PhysX] Initialized MultithreadedTaskDispatcher with 22 workers.
[PhysX] Initialized MultithreadedTaskDispatcher with 22 workers.
[PhysX] Initialized MultithreadedTaskDispatcher with 22 workers.
[PhysX] Initialized MultithreadedTaskDispatcher with 22 workers.
[PhysX] Initialized MultithreadedTaskDispatcher with 22 workers.
[PhysX] Initialized MultithreadedTaskDispatcher with 22 workers.
[PhysX] Initialized MultithreadedTaskDispatcher with 22 workers.
[PhysX] Initialized MultithreadedTaskDispatcher with 22 workers.
[PhysX] Initialized MultithreadedTaskDispatcher with 22 workers.
[PhysX] Initialized MultithreadedTaskDispatcher with 22 workers.
[PhysX] Initialized MultithreadedTaskDispatcher with 22 workers.
[PhysX] Initialized MultithreadedTaskDispatcher with 22 workers.
[PhysX] Initialized MultithreadedTaskDispatcher with 22 workers.
[PhysX] Initialized MultithreadedTaskDispatcher with 22 workers.
[PhysX] Initialized MultithreadedTaskDispatcher with 22 workers.
[PhysX] Initialized MultithreadedTaskDispatcher with 22 workers.
[PhysX] Initialized MultithreadedTaskDispatcher with 22 workers.
[PhysX] Initialized MultithreadedTaskDispatcher with 22 workers.
[PhysX] Initialized MultithreadedTaskDispatcher with 22 workers.
[PhysX] Initialized MultithreadedTaskDispatcher with 22 workers.
[PhysX] Initialized MultithreadedTaskDispatcher with 22 workers.
[PhysX] Initialized MultithreadedTaskDispatcher with 22 workers.
[PhysX] Initialized MultithreadedTaskDispatcher with 22 workers.
[PhysX] Initialized MultithreadedTaskDispatcher with 22 workers.
[PhysX] Initialized MultithreadedTaskDispatcher with 22 workers.
[PhysX] Initialized MultithreadedTaskDispatcher with 22 workers.
[PhysX] Initialized MultithreadedTaskDispatcher with 22 workers.
[PhysX] Initialized MultithreadedTaskDispatcher with 22 workers.
[PhysX] Initialized MultithreadedTaskDispatcher with 22 workers.
[PhysX] Initialized MultithreadedTaskDispatcher with 22 workers.
[PhysX] Initialized MultithreadedTaskDispatcher with 22 workers.
[PhysX] Initialized MultithreadedTaskDispatcher with 22 workers.
[PhysX] Initialized MultithreadedTaskDispatcher with 22 workers.
[PhysX] Initialized MultithreadedTaskDispatcher with 22 workers.
[PhysX] Initialized MultithreadedTaskDispatcher with 22 workers.
[PhysX] Initialized MultithreadedTaskDispatcher with 22 workers.
[PhysX] Initialized MultithreadedTaskDispatcher with 22 workers.
[PhysX] Initialized MultithreadedTaskDispatcher with 22 workers.
[PhysX] Initialized MultithreadedTaskDispatcher with 22 workers.
[PhysX] Initialized MultithreadedTaskDispatcher with 22 workers.
[PhysX] Initialized MultithreadedTaskDispatcher with 22 workers.
[PhysX] Initialized MultithreadedTaskDispatcher with 22 workers.
[PhysX] Initialized MultithreadedTaskDispatcher with 22 workers.
[PhysX] Initialized MultithreadedTaskDispatcher with 22 workers.
[PhysX] Initialized MultithreadedTaskDispatcher with 22 workers.
[PhysX] Initialized MultithreadedTaskDispatcher with 22 workers.
[PhysX] Initialized MultithreadedTaskDispatcher with 22 workers.
[PhysX] Initialized MultithreadedTaskDispatcher with 22 workers.
[PhysX] Initialized MultithreadedTaskDispatcher with 22 workers.
[PhysX] Initialized MultithreadedTaskDispatcher with 22 workers.
[PhysX] Initialized MultithreadedTaskDispatcher with 22 workers.
[PhysX] Initialized MultithreadedTaskDispatcher with 22 workers.
[PhysX] Initialized MultithreadedTaskDispatcher with 22 workers.
[PhysX] Initialized MultithreadedTaskDispatcher with 22 workers.
[PhysX] Initialized MultithreadedTaskDispatcher with 22 workers.
[PhysX] Initialized MultithreadedTaskDispatcher with 22 workers.
[PhysX] Initialized MultithreadedTaskDispatcher with 22 workers.
[PhysX] Initialized MultithreadedTaskDispatcher with 22 workers.
[PhysX] Initialized MultithreadedTaskDispatcher with 22 workers.
[PhysX] Initialized MultithreadedTaskDispatcher with 22 workers.
[PhysX] Initialized MultithreadedTaskDispatcher with 22 workers.
[PhysX] Initialized MultithreadedTaskDispatcher with 22 workers.
[PhysX] Initialized MultithreadedTaskDispatcher with 22 workers.
[PhysX] Initialized MultithreadedTaskDispatcher with 22 workers.
[PhysX] Initialized MultithreadedTaskDispatcher with 22 workers.
[PhysX] Initialized MultithreadedTaskDispatcher with 22 workers.
[PhysX] Initialized MultithreadedTaskDispatcher with 22 workers.
[PhysX] Initialized MultithreadedTaskDispatcher with 22 workers.
 -> (artifact id: '0dfde05d165c2df3d9f85140934b21b6') in 2.014992 seconds
Number of updated asset objects reloaded before import = 0
Number of asset objects unloaded after import = 1060
========================================================================
Received Import Request.
  Time since last request: 42.478624 seconds.
  path: Assets/Gridness Studios/Elementary Dungeon Pack Lite/Meshes/DungeonPackLite.fbx
  artifactKey: Guid(edcc86a903182d0429c0d7b2c727fec0) Importer(815301076,1909f56bfc062723c751e8b465ee728b)
Start importing Assets/Gridness Studios/Elementary Dungeon Pack Lite/Meshes/DungeonPackLite.fbx using Guid(edcc86a903182d0429c0d7b2c727fec0) Importer(815301076,1909f56bfc062723c751e8b465ee728b) [PhysX] Initialized MultithreadedTaskDispatcher with 22 workers.
[PhysX] Initialized MultithreadedTaskDispatcher with 22 workers.
[PhysX] Initialized MultithreadedTaskDispatcher with 22 workers.
[PhysX] Initialized MultithreadedTaskDispatcher with 22 workers.
[PhysX] Initialized MultithreadedTaskDispatcher with 22 workers.
[PhysX] Initialized MultithreadedTaskDispatcher with 22 workers.
[PhysX] Initialized MultithreadedTaskDispatcher with 22 workers.
[PhysX] Initialized MultithreadedTaskDispatcher with 22 workers.
[PhysX] Initialized MultithreadedTaskDispatcher with 22 workers.
[PhysX] Initialized MultithreadedTaskDispatcher with 22 workers.
[PhysX] Initialized MultithreadedTaskDispatcher with 22 workers.
[PhysX] Initialized MultithreadedTaskDispatcher with 22 workers.
[PhysX] Initialized MultithreadedTaskDispatcher with 22 workers.
[PhysX] Initialized MultithreadedTaskDispatcher with 22 workers.
[PhysX] Initialized MultithreadedTaskDispatcher with 22 workers.
[PhysX] Initialized MultithreadedTaskDispatcher with 22 workers.
[PhysX] Initialized MultithreadedTaskDispatcher with 22 workers.
[PhysX] Initialized MultithreadedTaskDispatcher with 22 workers.
[PhysX] Initialized MultithreadedTaskDispatcher with 22 workers.
[PhysX] Initialized MultithreadedTaskDispatcher with 22 workers.
[PhysX] Initialized MultithreadedTaskDispatcher with 22 workers.
[PhysX] Initialized MultithreadedTaskDispatcher with 22 workers.
[PhysX] Initialized MultithreadedTaskDispatcher with 22 workers.
[PhysX] Initialized MultithreadedTaskDispatcher with 22 workers.
[PhysX] Initialized MultithreadedTaskDispatcher with 22 workers.
[PhysX] Initialized MultithreadedTaskDispatcher with 22 workers.
[PhysX] Initialized MultithreadedTaskDispatcher with 22 workers.
[PhysX] Initialized MultithreadedTaskDispatcher with 22 workers.
[PhysX] Initialized MultithreadedTaskDispatcher with 22 workers.
[PhysX] Initialized MultithreadedTaskDispatcher with 22 workers.
[PhysX] Initialized MultithreadedTaskDispatcher with 22 workers.
[PhysX] Initialized MultithreadedTaskDispatcher with 22 workers.
[PhysX] Initialized MultithreadedTaskDispatcher with 22 workers.
[PhysX] Initialized MultithreadedTaskDispatcher with 22 workers.
[PhysX] Initialized MultithreadedTaskDispatcher with 22 workers.
[PhysX] Initialized MultithreadedTaskDispatcher with 22 workers.
[PhysX] Initialized MultithreadedTaskDispatcher with 22 workers.
[PhysX] Initialized MultithreadedTaskDispatcher with 22 workers.
[PhysX] Initialized MultithreadedTaskDispatcher with 22 workers.
[PhysX] Initialized MultithreadedTaskDispatcher with 22 workers.
[PhysX] Initialized MultithreadedTaskDispatcher with 22 workers.
[PhysX] Initialized MultithreadedTaskDispatcher with 22 workers.
[PhysX] Initialized MultithreadedTaskDispatcher with 22 workers.
[PhysX] Initialized MultithreadedTaskDispatcher with 22 workers.
[PhysX] Initialized MultithreadedTaskDispatcher with 22 workers.
[PhysX] Initialized MultithreadedTaskDispatcher with 22 workers.
[PhysX] Initialized MultithreadedTaskDispatcher with 22 workers.
[PhysX] Initialized MultithreadedTaskDispatcher with 22 workers.
[PhysX] Initialized MultithreadedTaskDispatcher with 22 workers.
[PhysX] Initialized MultithreadedTaskDispatcher with 22 workers.
[PhysX] Initialized MultithreadedTaskDispatcher with 22 workers.
[PhysX] Initialized MultithreadedTaskDispatcher with 22 workers.
[PhysX] Initialized MultithreadedTaskDispatcher with 22 workers.
[PhysX] Initialized MultithreadedTaskDispatcher with 22 workers.
[PhysX] Initialized MultithreadedTaskDispatcher with 22 workers.
[PhysX] Initialized MultithreadedTaskDispatcher with 22 workers.
[PhysX] Initialized MultithreadedTaskDispatcher with 22 workers.
[PhysX] Initialized MultithreadedTaskDispatcher with 22 workers.
 -> (artifact id: '5034a3c8dd4bde7ea1fc51f93f04e66c') in 0.292577 seconds
Number of updated asset objects reloaded before import = 0
Number of asset objects unloaded after import = 142
========================================================================
Received Import Request.
  Time since last request: 72.164926 seconds.
  path: Assets/Gridness Studios/Elementary Dungeon Pack Lite/Textures/DungeonTextures@4x.png
  artifactKey: Guid(f9aaa450c8910404685e66908a5bfad9) Importer(815301076,1909f56bfc062723c751e8b465ee728b)
Start importing Assets/Gridness Studios/Elementary Dungeon Pack Lite/Textures/DungeonTextures@4x.png using Guid(f9aaa450c8910404685e66908a5bfad9) Importer(815301076,1909f56bfc062723c751e8b465ee728b) [PhysX] Initialized MultithreadedTaskDispatcher with 22 workers.
[PhysX] Initialized MultithreadedTaskDispatcher with 22 workers.
 -> (artifact id: '98e28f64e0e4cde89b387385d09ea489') in 0.043047 seconds
Number of updated asset objects reloaded before import = 0
Number of asset objects unloaded after import = 2
========================================================================
Received Import Request.
  Time since last request: 211.011374 seconds.
  path: Assets/Gridness Studios/Elementary Dungeon Pack Lite/VFX/Fire_Effect.prefab
  artifactKey: Guid(4daecac5922e4cf46914efecc3de4129) Importer(815301076,1909f56bfc062723c751e8b465ee728b)
Start importing Assets/Gridness Studios/Elementary Dungeon Pack Lite/VFX/Fire_Effect.prefab using Guid(4daecac5922e4cf46914efecc3de4129) Importer(815301076,1909f56bfc062723c751e8b465ee728b) [PhysX] Initialized MultithreadedTaskDispatcher with 22 workers.
[PhysX] Initialized MultithreadedTaskDispatcher with 22 workers.
 -> (artifact id: '4a70d60889d051397a796b87838acbd1') in 0.043622 seconds
Number of updated asset objects reloaded before import = 0
Number of asset objects unloaded after import = 6
========================================================================
Received Import Request.
  Time since last request: 85.461856 seconds.
  path: Assets/Gridness Studios/Elementary Dungeon Pack Lite/Demo Scene/DungeonLiteScene-FPS.unity
  artifactKey: Guid(5039c5e96a91a07498cb1a3fff40f497) Importer(815301076,1909f56bfc062723c751e8b465ee728b)
Start importing Assets/Gridness Studios/Elementary Dungeon Pack Lite/Demo Scene/DungeonLiteScene-FPS.unity using Guid(5039c5e96a91a07498cb1a3fff40f497) Importer(815301076,1909f56bfc062723c751e8b465ee728b) [PhysX] Initialized MultithreadedTaskDispatcher with 22 workers.
 -> (artifact id: '5dd82234697b1174b7b5cc8cc328cfef') in 0.000760 seconds
Number of updated asset objects reloaded before import = 0
Number of asset objects unloaded after import = 0
========================================================================
Received Import Request.
  Time since last request: 0.901940 seconds.
  path: Assets/Gridness Studios/Elementary Dungeon Pack Lite/Demo Scene/DungeonLiteScene-TopDown.unity
  artifactKey: Guid(6dbbc23a58ac71844802e1b08a245a0f) Importer(815301076,1909f56bfc062723c751e8b465ee728b)
Start importing Assets/Gridness Studios/Elementary Dungeon Pack Lite/Demo Scene/DungeonLiteScene-TopDown.unity using Guid(6dbbc23a58ac71844802e1b08a245a0f) Importer(815301076,1909f56bfc062723c751e8b465ee728b) [PhysX] Initialized MultithreadedTaskDispatcher with 22 workers.
 -> (artifact id: '878770755f769254c1239c7274ac1389') in 0.000552 seconds
Number of updated asset objects reloaded before import = 0
Number of asset objects unloaded after import = 0
========================================================================
Received Prepare
Caller must complete domain reload
Begin MonoManager ReloadAssembly
- Loaded All Assemblies, in  0.395 seconds
Native extension for WindowsStandalone target not found
Native extension for WebGL target not found
Mono: successfully reloaded assembly
- Finished resetting the current domain, in  0.994 seconds
Domain Reload Profiling: 1387ms
	BeginReloadAssembly (137ms)
		ExecutionOrderSort (0ms)
		DisableScriptedObjects (4ms)
		BackupInstance (0ms)
		ReleaseScriptingObjects (0ms)
		CreateAndSetChildDomain (28ms)
	RebuildCommonClasses (28ms)
	RebuildNativeTypeToScriptingClass (9ms)
	initialDomainReloadingComplete (27ms)
	LoadAllAssembliesAndSetupDomain (192ms)
		LoadAssemblies (254ms)
		RebuildTransferFunctionScriptingTraits (0ms)
		AnalyzeDomain (12ms)
			TypeCache.Refresh (5ms)
				TypeCache.ScanAssembly (0ms)
			ScanForSourceGeneratedMonoScriptInfo (0ms)
			ResolveRequiredComponents (6ms)
	FinalizeReload (995ms)
		ReleaseScriptCaches (0ms)
		RebuildScriptCaches (0ms)
		SetupLoadedEditorAssemblies (499ms)
			LogAssemblyErrors (0ms)
			InitializePlatformSupportModulesInManaged (9ms)
			SetLoadedEditorAssemblies (4ms)
			RefreshPlugins (0ms)
			BeforeProcessingInitializeOnLoad (70ms)
			ProcessInitializeOnLoadAttributes (381ms)
			ProcessInitializeOnLoadMethodAttributes (28ms)
			AfterProcessingInitializeOnLoad (7ms)
			EditorAssembliesLoaded (0ms)
		ExecutionOrderSort2 (0ms)
		AwakeInstancesAfterBackupRestoration (9ms)
Refreshing native plugins compatible for Editor in 4.76 ms, found 3 plugins.
Preloading 0 native plugins for Editor in 0.00 ms.
Unloading 3378 Unused Serialized files (Serialized files now loaded: 0)
Unloading 13 unused Assets / (27.7 KB). Loaded Objects now: 3927.
Memory consumption went from 132.1 MB to 132.1 MB.
Total: 3.762100 ms (FindLiveObjects: 0.482000 ms CreateObjectMapping: 0.105400 ms MarkObjects: 3.132100 ms  DeleteObjects: 0.041300 ms)

Prepare: number of updated asset objects reloaded= 0
AssetImportParameters requested are different than current active one (requested -> active):
  custom:scripting/monoscript/fileName/MainMenu.cs: c093076ba5753d7bec74a8a751ffb653 -> 
  custom:scripting/monoscript/fileName/InventoryController.cs: 0c1931e2b21646c5126f8803cbc26cee -> 
  custom:scripting/monoscript/fileName/SkewTextExample.cs: c142d02d70a129e0533975f7c2f96956 -> 
  custom:scripting/monoscript/fileName/EnemyAI.cs: b23c04a72171da1bfba3c740e359e309 -> 
  custom:container-demuxer-ogg: 62fdf1f143b41e24485cea50d1cbac27 -> 
  custom:scripting/monoscript/fileName/InventorySaveSystem.cs: 73973b9bceba9f6b4f8cbae0291cf57f -> 
  custom:scripting/monoscript/fileName/TMP_TextEventHandler.cs: f5cd9d5a43bfefc8f4fec80e6de896a4 -> 
  custom:scripting/monoscript/fileName/InventoryUIReact.cs: 9d774bdc350acd4eb25dad765f3959b6 -> 
  custom:scripting/monoscript/fileName/TextMeshProFloatingText.cs: 92608fa4a6315cd0786d82205e77b697 -> 
  custom:scripting/monoscript/fileName/VertexZoom.cs: 650ab1e81d40126e3edcf737cce646e4 -> 
  custom:video-codec-MediaFoundation-h265: 746d11721c4dcdbdad8f713fa42b33f4 -> 
  custom:scripting/monoscript/fileName/ItemData - Copy.cs: aa443fe117f868e3be9d7f6bf5865156 -> 
  custom:scripting/monoscript/fileName/VertexShakeA.cs: 63ec564c588058369499638dd899e05b -> 
  custom:scripting/monoscript/fileName/TMP_ExampleScript_01.cs: a9d4be556104ff54e7d240529b3e01dc -> 
  custom:video-decoder-ogg-theora: a1e56fd34408186e4bbccfd4996cb3dc -> 
  custom:scripting/monoscript/fileName/TMP_TextEventCheck.cs: 13505d917eab5868c435e0c2986dadfa -> 
  custom:scripting/monoscript/fileName/TMP_TextSelector_B.cs: ba2be21a7486d37b1011342977a2e49d -> 
  custom:scripting/monoscript/fileName/Benchmark01.cs: 2d3e2cd961730ab95f139a49a673bace -> 
  custom:framework-win-MediaFoundation: 216162199b28c13a410421893ffa2e32 -> 
  custom:scripting/monoscript/fileName/Weapon Script.cs: 0b4d856b429b31aad65662a3c52c642a -> 
  custom:scripting/monoscript/fileName/Hat.cs: f30974d8a0b90056aaf88be254c43465 -> 
  custom:scripting/monoscript/fileName/InventoryInitializer.cs: 5a36108e7ab43afbbe7da3e6aff17626 -> 
  custom:scripting/monoscript/fileName/AddItem.cs: 3d7dc5837ad8b6a39c83a22f6ffe3bd5 -> 
  custom:scripting/monoscript/fileName/EnemyHealth.cs: a4d027726692f4f1a1dc379aafbb87e2 -> 
  custom:scripting/monoscript/fileName/Benchmark02.cs: 5640963252ce70910e726415f869ced6 -> 
  custom:scripting/monoscript/fileName/DropdownSample.cs: 0a92251794e5f10400149f96c3c59e5d -> 
  custom:scripting/monoscript/fileName/WarpTextExample.cs: 2663459c266363641981c7d17b698d7f -> 
  custom:CustomObjectIndexerAttribute: 9a22284fe3817be447336de3de66b15e -> 
  custom:scripting/monoscript/fileName/Chest.cs: f3a8f25e35960701ab07713482e99306 -> 
  custom:scripting/monoscript/fileName/Inventory.cs: 9fef8ca02e98834ae1b58ff796d1ee46 -> 
  custom:container-demuxer-webm: 4f35f7cbe854078d1ac9338744f61a02 -> 
  custom:scripting/monoscript/fileName/ChatController.cs: 876d5ccae6e345dd5d9450eb0a748f16 -> 
  custom:scripting/monoscript/fileName/AddItemReact.cs: 58ede0330577652779c398fb72f378b7 -> 
  custom:scripting/monoscript/fileName/TextMeshSpawner.cs: 76f28e2ddb031571e6ec62b018f65fa8 -> 
  custom:scripting/monoscript/fileName/TeleType.cs: 31fa97821c4c70f157ec81d507aa6b62 -> 
  custom:scripting/monoscript/fileName/Benchmark04.cs: 32220b148620e52aa81c13a114862bf4 -> 
  custom:container-muxer-webm: aa71ff27fc2769a1b78a27578f13a17b -> 
  custom:scripting/monoscript/fileName/ControlHatDrop.cs: 226af703c37103fd7f22d244e2ba8bf9 -> 
  custom:video-decoder-webm-vp8: 9c59270c3fd7afecdb556c50c9e8de78 -> 
  custom:scripting/monoscript/fileName/TMP_PhoneNumberValidator.cs: 7c3049f481e464c6a9a15dee56c3126f -> 
  custom:scripting/monoscript/fileName/ItemData.cs: 909344eb9e79760f398b37212ee04017 -> 
  custom:scripting/monoscript/fileName/DragItem.cs: 03dbbb516a81bcdd881464a33adc73dc -> 
  custom:SearchIndexIgnoredProperties: e643bd26f0fe6173181afceb89e7c659 -> 
  custom:AudioImporter_EditorPlatform: d09bf68614088b80899f8185d706f6e7 -> 
  custom:scripting/monoscript/fileName/EnvMapAnimator.cs: 1b4f61c17e4b7283c3ac351aacff9d26 -> 
  custom:scripting/monoscript/fileName/ShaderPropAnimator.cs: 55ce425812446482e623ff2695c94cb2 -> 
  custom:scripting/monoscript/fileName/SimpleScript.cs: 454caab0c6c050f29b39d82e1d66d0fa -> 
  custom:scripting/monoscript/fileName/ObjectSpin.cs: 2b96bb2079dd7fa5108d981627a28e1e -> 
  custom:scripting/monoscript/fileName/InventoryItem.cs: fb9e7c37665c920101b61ce398ab2093 -> 
  custom:scripting/monoscript/fileName/Slot.cs: 485428e5f5d2ef8011dd4e7fe6af3ff7 -> 
  custom:scripting/monoscript/fileName/CameraController.cs: 34b6be4e23ce86dc89786916c5983296 -> 
  custom:scripting/monoscript/fileName/TMP_TextInfoDebugTool.cs: 3f1709cfb2cc628169113a35b5e9be3f -> 
  custom:scripting/monoscript/fileName/TMP_TextSelector_A.cs: 347309a09d56e367b188a6978f75b424 -> 
  custom:scripting/monoscript/fileName/FashionApplicator.cs: ec568a092ecc28cfd61f329151ddcfda -> 
  custom:video-encoder-webm-vp8: eb34c28f22e8b96e1ab97ce403110664 -> 
  custom:scripting/monoscript/fileName/ItemInitializerUnityEvent.cs: b05f833d6a2ddac0dfa2c5302eafe398 -> 
  custom:audio-decoder-ogg-vorbis: bf7c407c2cedff20999df2af8eb42d56 -> 
  custom:scripting/monoscript/fileName/AddItemFunctions.cs: 1c569f7e4803066bb5149916977aa1ca -> 
  custom:scripting/monoscript/fileName/VertexJitter.cs: d27eb5498e48714a66aece98da065133 -> 
  custom:scripting/monoscript/fileName/FirstPersonPlayer.cs: a5d35519901dcba8bf8702f5d21fce06 -> 
  custom:scripting/monoscript/fileName/InventoryUIManager.cs: 609efaf6a4e8eef59b505667f51b561e -> 
  custom:scripting/monoscript/fileName/InventoryControllerReact.cs: efaaf6bc821ae773d7446f2bf231b795 -> 
  custom:scripting/monoscript/fileName/TextConsoleSimulator.cs: 33fc311abb20b5b0ed8f00e4d86b574e -> 
  custom:scripting/monoscript/fileName/VertexColorCycler.cs: 5f984ca91cf3609293aecc6bc5641572 -> 
  custom:scripting/monoscript/fileName/TMP_FrameRateCounter.cs: 46f655df8cb483ac5958307137b1585a -> 
  custom:scripting/monoscript/fileName/VertexShakeB.cs: a6f78c4fcda1a29a1a1c1baefedba9e7 -> 
  custom:scripting/monoscript/fileName/TMP_UiFrameRateCounter.cs: b01021aea19247f14a98ab338907956a -> 
  custom:scripting/monoscript/fileName/TMPro_InstructionOverlay.cs: b626d2270e6ebd5c4311585c18b58d8d -> 
  custom:scripting/monoscript/fileName/Test.cs: 650f624f56353416145d9f8dc1e05afa -> 
  custom:scripting/monoscript/fileName/TMP_DigitValidator.cs: ac02af96215ae3951a3cce9e1a8c6085 -> 
  custom:scripting/monoscript/fileName/PlayerMovement.cs: d883fcf052808eb4d54c0d6d08078e34 -> 
  custom:audio-encoder-webm-vorbis: bf7c407c2cedff20999df2af8eb42d56 -> 
  custom:scripting/precompiled-assembly-types:Assembly-CSharp-Editor: d1f8cd1d84d4009737ac52b07eac0e0f -> 
  custom:scripting/monoscript/fileName/Benchmark01_UGUI.cs: 6148cfe2627b7708298f301788144139 -> 
  custom:scripting/monoscript/fileName/Start.cs: 40b2a4a4832d249e0693b489d52ec297 -> 55f27475cde769fb842c17b489581484
  custom:scripting/precompiled-assembly-types:Assembly-CSharp: 4ab34ed5e2f67166b6aea856519be1c9 -> 
  custom:scripting/monoscript/fileName/Benchmark03.cs: 17cc87e0529ac71d909a946afb47a274 -> 
  custom:scripting/monoscript/fileName/ItemInitializer.cs: 1e841ff738d975563589633e92d83ef9 -> 
  custom:scripting/monoscript/fileName/InventoryData.cs: 7059add940e3ac6c8a5cb1ef9b6a3ef1 -> 
========================================================================
Received Prepare
Caller must complete domain reload
Begin MonoManager ReloadAssembly
- Loaded All Assemblies, in  0.394 seconds
Native extension for WindowsStandalone target not found
Native extension for WebGL target not found
Mono: successfully reloaded assembly
- Finished resetting the current domain, in  1.019 seconds
Domain Reload Profiling: 1411ms
	BeginReloadAssembly (138ms)
		ExecutionOrderSort (0ms)
		DisableScriptedObjects (5ms)
		BackupInstance (0ms)
		ReleaseScriptingObjects (0ms)
		CreateAndSetChildDomain (27ms)
	RebuildCommonClasses (29ms)
	RebuildNativeTypeToScriptingClass (9ms)
	initialDomainReloadingComplete (28ms)
	LoadAllAssembliesAndSetupDomain (188ms)
		LoadAssemblies (255ms)
		RebuildTransferFunctionScriptingTraits (0ms)
		AnalyzeDomain (13ms)
			TypeCache.Refresh (5ms)
				TypeCache.ScanAssembly (0ms)
			ScanForSourceGeneratedMonoScriptInfo (0ms)
			ResolveRequiredComponents (5ms)
	FinalizeReload (1019ms)
		ReleaseScriptCaches (0ms)
		RebuildScriptCaches (0ms)
		SetupLoadedEditorAssemblies (506ms)
			LogAssemblyErrors (0ms)
			InitializePlatformSupportModulesInManaged (7ms)
			SetLoadedEditorAssemblies (3ms)
			RefreshPlugins (0ms)
			BeforeProcessingInitializeOnLoad (70ms)
			ProcessInitializeOnLoadAttributes (388ms)
			ProcessInitializeOnLoadMethodAttributes (30ms)
			AfterProcessingInitializeOnLoad (7ms)
			EditorAssembliesLoaded (0ms)
		ExecutionOrderSort2 (0ms)
		AwakeInstancesAfterBackupRestoration (10ms)
Refreshing native plugins compatible for Editor in 3.91 ms, found 3 plugins.
Preloading 0 native plugins for Editor in 0.00 ms.
Unloading 3378 Unused Serialized files (Serialized files now loaded: 0)
Unloading 13 unused Assets / (28.4 KB). Loaded Objects now: 3931.
Memory consumption went from 132.1 MB to 132.1 MB.
Total: 4.107700 ms (FindLiveObjects: 0.491800 ms CreateObjectMapping: 0.268700 ms MarkObjects: 3.265000 ms  DeleteObjects: 0.080600 ms)

Prepare: number of updated asset objects reloaded= 0
AssetImportParameters requested are different than current active one (requested -> active):
  custom:scripting/monoscript/fileName/MainMenu.cs: c093076ba5753d7bec74a8a751ffb653 -> 
  custom:scripting/monoscript/fileName/InventoryController.cs: 0c1931e2b21646c5126f8803cbc26cee -> 
  custom:scripting/monoscript/fileName/SkewTextExample.cs: c142d02d70a129e0533975f7c2f96956 -> 
  custom:scripting/monoscript/fileName/EnemyAI.cs: b23c04a72171da1bfba3c740e359e309 -> 
  custom:container-demuxer-ogg: 62fdf1f143b41e24485cea50d1cbac27 -> 
  custom:scripting/monoscript/fileName/InventorySaveSystem.cs: 73973b9bceba9f6b4f8cbae0291cf57f -> 
  custom:scripting/monoscript/fileName/TMP_TextEventHandler.cs: f5cd9d5a43bfefc8f4fec80e6de896a4 -> 
  custom:scripting/monoscript/fileName/InventoryUIReact.cs: 9d774bdc350acd4eb25dad765f3959b6 -> 
  custom:scripting/monoscript/fileName/TextMeshProFloatingText.cs: 92608fa4a6315cd0786d82205e77b697 -> 
  custom:scripting/monoscript/fileName/VertexZoom.cs: 650ab1e81d40126e3edcf737cce646e4 -> 
  custom:video-codec-MediaFoundation-h265: 746d11721c4dcdbdad8f713fa42b33f4 -> 
  custom:scripting/monoscript/fileName/ItemData - Copy.cs: aa443fe117f868e3be9d7f6bf5865156 -> 
  custom:scripting/monoscript/fileName/VertexShakeA.cs: 63ec564c588058369499638dd899e05b -> 
  custom:scripting/monoscript/fileName/TMP_ExampleScript_01.cs: a9d4be556104ff54e7d240529b3e01dc -> 
  custom:video-decoder-ogg-theora: a1e56fd34408186e4bbccfd4996cb3dc -> 
  custom:scripting/monoscript/fileName/TMP_TextEventCheck.cs: 13505d917eab5868c435e0c2986dadfa -> 
  custom:scripting/monoscript/fileName/TMP_TextSelector_B.cs: ba2be21a7486d37b1011342977a2e49d -> 
  custom:scripting/monoscript/fileName/Benchmark01.cs: 2d3e2cd961730ab95f139a49a673bace -> 
  custom:framework-win-MediaFoundation: 216162199b28c13a410421893ffa2e32 -> 
  custom:scripting/monoscript/fileName/Weapon Script.cs: 0b4d856b429b31aad65662a3c52c642a -> 
  custom:scripting/monoscript/fileName/Hat.cs: f30974d8a0b90056aaf88be254c43465 -> 
  custom:scripting/monoscript/fileName/InventoryInitializer.cs: 5a36108e7ab43afbbe7da3e6aff17626 -> 
  custom:scripting/monoscript/fileName/AddItem.cs: 3d7dc5837ad8b6a39c83a22f6ffe3bd5 -> 
  custom:scripting/monoscript/fileName/EnemyHealth.cs: a4d027726692f4f1a1dc379aafbb87e2 -> 
  custom:scripting/monoscript/fileName/Benchmark02.cs: 5640963252ce70910e726415f869ced6 -> 
  custom:scripting/monoscript/fileName/DropdownSample.cs: 0a92251794e5f10400149f96c3c59e5d -> 
  custom:scripting/monoscript/fileName/WarpTextExample.cs: 2663459c266363641981c7d17b698d7f -> 
  custom:CustomObjectIndexerAttribute: 9a22284fe3817be447336de3de66b15e -> 
  custom:scripting/monoscript/fileName/Chest.cs: f3a8f25e35960701ab07713482e99306 -> 
  custom:scripting/monoscript/fileName/Inventory.cs: 9fef8ca02e98834ae1b58ff796d1ee46 -> 
  custom:container-demuxer-webm: 4f35f7cbe854078d1ac9338744f61a02 -> 
  custom:scripting/monoscript/fileName/ChatController.cs: 876d5ccae6e345dd5d9450eb0a748f16 -> 
  custom:scripting/monoscript/fileName/AddItemReact.cs: 58ede0330577652779c398fb72f378b7 -> 
  custom:scripting/monoscript/fileName/TextMeshSpawner.cs: 76f28e2ddb031571e6ec62b018f65fa8 -> 
  custom:scripting/monoscript/fileName/TeleType.cs: 31fa97821c4c70f157ec81d507aa6b62 -> 
  custom:scripting/monoscript/fileName/Benchmark04.cs: 32220b148620e52aa81c13a114862bf4 -> 
  custom:container-muxer-webm: aa71ff27fc2769a1b78a27578f13a17b -> 
  custom:scripting/monoscript/fileName/ControlHatDrop.cs: 226af703c37103fd7f22d244e2ba8bf9 -> 
  custom:video-decoder-webm-vp8: 9c59270c3fd7afecdb556c50c9e8de78 -> 
  custom:scripting/monoscript/fileName/TMP_PhoneNumberValidator.cs: 7c3049f481e464c6a9a15dee56c3126f -> 
  custom:scripting/monoscript/fileName/ItemData.cs: 909344eb9e79760f398b37212ee04017 -> 
  custom:scripting/monoscript/fileName/DragItem.cs: 03dbbb516a81bcdd881464a33adc73dc -> 
  custom:SearchIndexIgnoredProperties: e643bd26f0fe6173181afceb89e7c659 -> 
  custom:AudioImporter_EditorPlatform: d09bf68614088b80899f8185d706f6e7 -> 
  custom:scripting/monoscript/fileName/EnvMapAnimator.cs: 1b4f61c17e4b7283c3ac351aacff9d26 -> 
  custom:scripting/monoscript/fileName/ShaderPropAnimator.cs: 55ce425812446482e623ff2695c94cb2 -> 
  custom:scripting/monoscript/fileName/SimpleScript.cs: 454caab0c6c050f29b39d82e1d66d0fa -> 
  custom:scripting/monoscript/fileName/ObjectSpin.cs: 2b96bb2079dd7fa5108d981627a28e1e -> 
  custom:scripting/monoscript/fileName/InventoryItem.cs: fb9e7c37665c920101b61ce398ab2093 -> 
  custom:scripting/monoscript/fileName/Slot.cs: 485428e5f5d2ef8011dd4e7fe6af3ff7 -> 
  custom:scripting/monoscript/fileName/CameraController.cs: 34b6be4e23ce86dc89786916c5983296 -> 
  custom:scripting/monoscript/fileName/TMP_TextInfoDebugTool.cs: 3f1709cfb2cc628169113a35b5e9be3f -> 
  custom:scripting/monoscript/fileName/TMP_TextSelector_A.cs: 347309a09d56e367b188a6978f75b424 -> 
  custom:scripting/monoscript/fileName/FashionApplicator.cs: ec568a092ecc28cfd61f329151ddcfda -> 
  custom:video-encoder-webm-vp8: eb34c28f22e8b96e1ab97ce403110664 -> 
  custom:scripting/monoscript/fileName/ItemInitializerUnityEvent.cs: b05f833d6a2ddac0dfa2c5302eafe398 -> 
  custom:audio-decoder-ogg-vorbis: bf7c407c2cedff20999df2af8eb42d56 -> 
  custom:scripting/monoscript/fileName/AddItemFunctions.cs: 1c569f7e4803066bb5149916977aa1ca -> 
  custom:scripting/monoscript/fileName/VertexJitter.cs: d27eb5498e48714a66aece98da065133 -> 
  custom:scripting/monoscript/fileName/FirstPersonPlayer.cs: a5d35519901dcba8bf8702f5d21fce06 -> 
  custom:scripting/monoscript/fileName/InventoryUIManager.cs: 609efaf6a4e8eef59b505667f51b561e -> 
  custom:scripting/monoscript/fileName/InventoryControllerReact.cs: efaaf6bc821ae773d7446f2bf231b795 -> 
  custom:scripting/monoscript/fileName/TextConsoleSimulator.cs: 33fc311abb20b5b0ed8f00e4d86b574e -> 
  custom:scripting/monoscript/fileName/VertexColorCycler.cs: 5f984ca91cf3609293aecc6bc5641572 -> 
  custom:scripting/monoscript/fileName/TMP_FrameRateCounter.cs: 46f655df8cb483ac5958307137b1585a -> 
  custom:scripting/monoscript/fileName/VertexShakeB.cs: a6f78c4fcda1a29a1a1c1baefedba9e7 -> 
  custom:scripting/monoscript/fileName/TMP_UiFrameRateCounter.cs: b01021aea19247f14a98ab338907956a -> 
  custom:scripting/monoscript/fileName/TMPro_InstructionOverlay.cs: b626d2270e6ebd5c4311585c18b58d8d -> 
  custom:scripting/monoscript/fileName/Test.cs: 650f624f56353416145d9f8dc1e05afa -> 
  custom:scripting/monoscript/fileName/TMP_DigitValidator.cs: ac02af96215ae3951a3cce9e1a8c6085 -> 
  custom:scripting/monoscript/fileName/PlayerMovement.cs: d883fcf052808eb4d54c0d6d08078e34 -> 
  custom:audio-encoder-webm-vorbis: bf7c407c2cedff20999df2af8eb42d56 -> 
  custom:scripting/precompiled-assembly-types:Assembly-CSharp-Editor: d1f8cd1d84d4009737ac52b07eac0e0f -> 
  custom:scripting/monoscript/fileName/Benchmark01_UGUI.cs: 6148cfe2627b7708298f301788144139 -> 
  custom:scripting/monoscript/fileName/Start.cs: 40b2a4a4832d249e0693b489d52ec297 -> 55f27475cde769fb842c17b489581484
  custom:scripting/precompiled-assembly-types:Assembly-CSharp: 4ab34ed5e2f67166b6aea856519be1c9 -> 
  custom:scripting/monoscript/fileName/Benchmark03.cs: 17cc87e0529ac71d909a946afb47a274 -> 
  custom:scripting/monoscript/fileName/ItemInitializer.cs: 1e841ff738d975563589633e92d83ef9 -> 
  custom:scripting/monoscript/fileName/InventoryData.cs: 7059add940e3ac6c8a5cb1ef9b6a3ef1 -> 
========================================================================
Received Prepare
Caller must complete domain reload
Begin MonoManager ReloadAssembly
- Loaded All Assemblies, in  0.426 seconds
Native extension for WindowsStandalone target not found
Native extension for WebGL target not found
Mono: successfully reloaded assembly
- Finished resetting the current domain, in  1.027 seconds
Domain Reload Profiling: 1452ms
	BeginReloadAssembly (161ms)
		ExecutionOrderSort (0ms)
		DisableScriptedObjects (8ms)
		BackupInstance (0ms)
		ReleaseScriptingObjects (0ms)
		CreateAndSetChildDomain (31ms)
	RebuildCommonClasses (30ms)
	RebuildNativeTypeToScriptingClass (10ms)
	initialDomainReloadingComplete (28ms)
	LoadAllAssembliesAndSetupDomain (195ms)
		LoadAssemblies (268ms)
		RebuildTransferFunctionScriptingTraits (0ms)
		AnalyzeDomain (13ms)
			TypeCache.Refresh (5ms)
				TypeCache.ScanAssembly (0ms)
			ScanForSourceGeneratedMonoScriptInfo (0ms)
			ResolveRequiredComponents (6ms)
	FinalizeReload (1028ms)
		ReleaseScriptCaches (0ms)
		RebuildScriptCaches (0ms)
		SetupLoadedEditorAssemblies (509ms)
			LogAssemblyErrors (0ms)
			InitializePlatformSupportModulesInManaged (9ms)
			SetLoadedEditorAssemblies (3ms)
			RefreshPlugins (0ms)
			BeforeProcessingInitializeOnLoad (66ms)
			ProcessInitializeOnLoadAttributes (395ms)
			ProcessInitializeOnLoadMethodAttributes (30ms)
			AfterProcessingInitializeOnLoad (6ms)
			EditorAssembliesLoaded (0ms)
		ExecutionOrderSort2 (0ms)
		AwakeInstancesAfterBackupRestoration (8ms)
Refreshing native plugins compatible for Editor in 4.14 ms, found 3 plugins.
Preloading 0 native plugins for Editor in 0.00 ms.
Unloading 3378 Unused Serialized files (Serialized files now loaded: 0)
Unloading 13 unused Assets / (27.6 KB). Loaded Objects now: 3935.
Memory consumption went from 132.1 MB to 132.1 MB.
Total: 3.119400 ms (FindLiveObjects: 0.250900 ms CreateObjectMapping: 0.068000 ms MarkObjects: 2.756000 ms  DeleteObjects: 0.043400 ms)

Prepare: number of updated asset objects reloaded= 0
AssetImportParameters requested are different than current active one (requested -> active):
  custom:scripting/monoscript/fileName/MainMenu.cs: c093076ba5753d7bec74a8a751ffb653 -> 
  custom:scripting/monoscript/fileName/InventoryController.cs: 0c1931e2b21646c5126f8803cbc26cee -> 
  custom:scripting/monoscript/fileName/SkewTextExample.cs: c142d02d70a129e0533975f7c2f96956 -> 
  custom:scripting/monoscript/fileName/EnemyAI.cs: b23c04a72171da1bfba3c740e359e309 -> 
  custom:container-demuxer-ogg: 62fdf1f143b41e24485cea50d1cbac27 -> 
  custom:scripting/monoscript/fileName/InventorySaveSystem.cs: 73973b9bceba9f6b4f8cbae0291cf57f -> 
  custom:scripting/monoscript/fileName/TMP_TextEventHandler.cs: f5cd9d5a43bfefc8f4fec80e6de896a4 -> 
  custom:scripting/monoscript/fileName/InventoryUIReact.cs: 9d774bdc350acd4eb25dad765f3959b6 -> 
  custom:scripting/monoscript/fileName/TextMeshProFloatingText.cs: 92608fa4a6315cd0786d82205e77b697 -> 
  custom:scripting/monoscript/fileName/VertexZoom.cs: 650ab1e81d40126e3edcf737cce646e4 -> 
  custom:video-codec-MediaFoundation-h265: 746d11721c4dcdbdad8f713fa42b33f4 -> 
  custom:scripting/monoscript/fileName/ItemData - Copy.cs: aa443fe117f868e3be9d7f6bf5865156 -> 
  custom:scripting/monoscript/fileName/VertexShakeA.cs: 63ec564c588058369499638dd899e05b -> 
  custom:scripting/monoscript/fileName/TMP_ExampleScript_01.cs: a9d4be556104ff54e7d240529b3e01dc -> 
  custom:video-decoder-ogg-theora: a1e56fd34408186e4bbccfd4996cb3dc -> 
  custom:scripting/monoscript/fileName/TMP_TextEventCheck.cs: 13505d917eab5868c435e0c2986dadfa -> 
  custom:scripting/monoscript/fileName/TMP_TextSelector_B.cs: ba2be21a7486d37b1011342977a2e49d -> 
  custom:scripting/monoscript/fileName/Benchmark01.cs: 2d3e2cd961730ab95f139a49a673bace -> 
  custom:framework-win-MediaFoundation: 216162199b28c13a410421893ffa2e32 -> 
  custom:scripting/monoscript/fileName/Weapon Script.cs: 0b4d856b429b31aad65662a3c52c642a -> 
  custom:scripting/monoscript/fileName/Hat.cs: f30974d8a0b90056aaf88be254c43465 -> 
  custom:scripting/monoscript/fileName/InventoryInitializer.cs: 5a36108e7ab43afbbe7da3e6aff17626 -> 
  custom:scripting/monoscript/fileName/AddItem.cs: 3d7dc5837ad8b6a39c83a22f6ffe3bd5 -> 
  custom:scripting/monoscript/fileName/EnemyHealth.cs: a4d027726692f4f1a1dc379aafbb87e2 -> 
  custom:scripting/monoscript/fileName/Benchmark02.cs: 5640963252ce70910e726415f869ced6 -> 
  custom:scripting/monoscript/fileName/DropdownSample.cs: 0a92251794e5f10400149f96c3c59e5d -> 
  custom:scripting/monoscript/fileName/WarpTextExample.cs: 2663459c266363641981c7d17b698d7f -> 
  custom:CustomObjectIndexerAttribute: 9a22284fe3817be447336de3de66b15e -> 
  custom:scripting/monoscript/fileName/Chest.cs: f3a8f25e35960701ab07713482e99306 -> 
  custom:scripting/monoscript/fileName/Inventory.cs: 9fef8ca02e98834ae1b58ff796d1ee46 -> 
  custom:container-demuxer-webm: 4f35f7cbe854078d1ac9338744f61a02 -> 
  custom:scripting/monoscript/fileName/ChatController.cs: 876d5ccae6e345dd5d9450eb0a748f16 -> 
  custom:scripting/monoscript/fileName/AddItemReact.cs: 58ede0330577652779c398fb72f378b7 -> 
  custom:scripting/monoscript/fileName/TextMeshSpawner.cs: 76f28e2ddb031571e6ec62b018f65fa8 -> 
  custom:scripting/monoscript/fileName/TeleType.cs: 31fa97821c4c70f157ec81d507aa6b62 -> 
  custom:scripting/monoscript/fileName/Benchmark04.cs: 32220b148620e52aa81c13a114862bf4 -> 
  custom:container-muxer-webm: aa71ff27fc2769a1b78a27578f13a17b -> 
  custom:scripting/monoscript/fileName/ControlHatDrop.cs: 226af703c37103fd7f22d244e2ba8bf9 -> 
  custom:video-decoder-webm-vp8: 9c59270c3fd7afecdb556c50c9e8de78 -> 
  custom:scripting/monoscript/fileName/TMP_PhoneNumberValidator.cs: 7c3049f481e464c6a9a15dee56c3126f -> 
  custom:scripting/monoscript/fileName/ItemData.cs: 909344eb9e79760f398b37212ee04017 -> 
  custom:scripting/monoscript/fileName/DragItem.cs: 03dbbb516a81bcdd881464a33adc73dc -> 
  custom:SearchIndexIgnoredProperties: e643bd26f0fe6173181afceb89e7c659 -> 
  custom:AudioImporter_EditorPlatform: d09bf68614088b80899f8185d706f6e7 -> 
  custom:scripting/monoscript/fileName/EnvMapAnimator.cs: 1b4f61c17e4b7283c3ac351aacff9d26 -> 
  custom:scripting/monoscript/fileName/ShaderPropAnimator.cs: 55ce425812446482e623ff2695c94cb2 -> 
  custom:scripting/monoscript/fileName/SimpleScript.cs: 454caab0c6c050f29b39d82e1d66d0fa -> 
  custom:scripting/monoscript/fileName/ObjectSpin.cs: 2b96bb2079dd7fa5108d981627a28e1e -> 
  custom:scripting/monoscript/fileName/InventoryItem.cs: fb9e7c37665c920101b61ce398ab2093 -> 
  custom:scripting/monoscript/fileName/Slot.cs: 485428e5f5d2ef8011dd4e7fe6af3ff7 -> 
  custom:scripting/monoscript/fileName/CameraController.cs: 34b6be4e23ce86dc89786916c5983296 -> 
  custom:scripting/monoscript/fileName/TMP_TextInfoDebugTool.cs: 3f1709cfb2cc628169113a35b5e9be3f -> 
  custom:scripting/monoscript/fileName/TMP_TextSelector_A.cs: 347309a09d56e367b188a6978f75b424 -> 
  custom:scripting/monoscript/fileName/FashionApplicator.cs: ec568a092ecc28cfd61f329151ddcfda -> 
  custom:video-encoder-webm-vp8: eb34c28f22e8b96e1ab97ce403110664 -> 
  custom:scripting/monoscript/fileName/ItemInitializerUnityEvent.cs: b05f833d6a2ddac0dfa2c5302eafe398 -> 
  custom:audio-decoder-ogg-vorbis: bf7c407c2cedff20999df2af8eb42d56 -> 
  custom:scripting/monoscript/fileName/AddItemFunctions.cs: 1c569f7e4803066bb5149916977aa1ca -> 
  custom:scripting/monoscript/fileName/VertexJitter.cs: d27eb5498e48714a66aece98da065133 -> 
  custom:scripting/monoscript/fileName/FirstPersonPlayer.cs: a5d35519901dcba8bf8702f5d21fce06 -> 
  custom:scripting/monoscript/fileName/InventoryUIManager.cs: 609efaf6a4e8eef59b505667f51b561e -> 
  custom:scripting/monoscript/fileName/InventoryControllerReact.cs: efaaf6bc821ae773d7446f2bf231b795 -> 
  custom:scripting/monoscript/fileName/TextConsoleSimulator.cs: 33fc311abb20b5b0ed8f00e4d86b574e -> 
  custom:scripting/monoscript/fileName/VertexColorCycler.cs: 5f984ca91cf3609293aecc6bc5641572 -> 
  custom:scripting/monoscript/fileName/TMP_FrameRateCounter.cs: 46f655df8cb483ac5958307137b1585a -> 
  custom:scripting/monoscript/fileName/VertexShakeB.cs: a6f78c4fcda1a29a1a1c1baefedba9e7 -> 
  custom:scripting/monoscript/fileName/TMP_UiFrameRateCounter.cs: b01021aea19247f14a98ab338907956a -> 
  custom:scripting/monoscript/fileName/TMPro_InstructionOverlay.cs: b626d2270e6ebd5c4311585c18b58d8d -> 
  custom:scripting/monoscript/fileName/Test.cs: 650f624f56353416145d9f8dc1e05afa -> 
  custom:scripting/monoscript/fileName/TMP_DigitValidator.cs: ac02af96215ae3951a3cce9e1a8c6085 -> 
  custom:scripting/monoscript/fileName/PlayerMovement.cs: d883fcf052808eb4d54c0d6d08078e34 -> 
  custom:audio-encoder-webm-vorbis: bf7c407c2cedff20999df2af8eb42d56 -> 
  custom:scripting/precompiled-assembly-types:Assembly-CSharp-Editor: d1f8cd1d84d4009737ac52b07eac0e0f -> 
  custom:scripting/monoscript/fileName/Benchmark01_UGUI.cs: 6148cfe2627b7708298f301788144139 -> 
  custom:scripting/monoscript/fileName/Start.cs: 40b2a4a4832d249e0693b489d52ec297 -> 55f27475cde769fb842c17b489581484
  custom:scripting/precompiled-assembly-types:Assembly-CSharp: 4ab34ed5e2f67166b6aea856519be1c9 -> 
  custom:scripting/monoscript/fileName/Benchmark03.cs: 17cc87e0529ac71d909a946afb47a274 -> 
  custom:scripting/monoscript/fileName/ItemInitializer.cs: 1e841ff738d975563589633e92d83ef9 -> 
  custom:scripting/monoscript/fileName/InventoryData.cs: 7059add940e3ac6c8a5cb1ef9b6a3ef1 -> 
========================================================================
Received Import Request.
  Time since last request: 706.792636 seconds.
  path: Assets/Hand Painted Stone Texture
  artifactKey: Guid(1274bf3615c1073479f2ff5539ed99f5) Importer(815301076,1909f56bfc062723c751e8b465ee728b)
Start importing Assets/Hand Painted Stone Texture using Guid(1274bf3615c1073479f2ff5539ed99f5) Importer(815301076,1909f56bfc062723c751e8b465ee728b) [PhysX] Initialized MultithreadedTaskDispatcher with 22 workers.
 -> (artifact id: '62ffe38356b819535559d78e835e71e4') in 0.008016 seconds
Number of updated asset objects reloaded before import = 0
Number of asset objects unloaded after import = 0
========================================================================
Received Import Request.
  Time since last request: 1.425610 seconds.
  path: Assets/Hand Painted Stone Texture/Texture
  artifactKey: Guid(7e8c075e0c1874e4197680e91fbe8e00) Importer(815301076,1909f56bfc062723c751e8b465ee728b)
Start importing Assets/Hand Painted Stone Texture/Texture using Guid(7e8c075e0c1874e4197680e91fbe8e00) Importer(815301076,1909f56bfc062723c751e8b465ee728b) [PhysX] Initialized MultithreadedTaskDispatcher with 22 workers.
 -> (artifact id: 'bcd57f39c09f85d72149bd753e6cfd52') in 0.001016 seconds
Number of updated asset objects reloaded before import = 0
Number of asset objects unloaded after import = 0
========================================================================
Received Import Request.
  Time since last request: 0.056788 seconds.
  path: Assets/Hand Painted Stone Texture/Texture/Stone_Ambient_Occlusion.png
  artifactKey: Guid(2ea2b4b58caf5a442bd2bcf1d75e725d) Importer(815301076,1909f56bfc062723c751e8b465ee728b)
Start importing Assets/Hand Painted Stone Texture/Texture/Stone_Ambient_Occlusion.png using Guid(2ea2b4b58caf5a442bd2bcf1d75e725d) Importer(815301076,1909f56bfc062723c751e8b465ee728b) [PhysX] Initialized MultithreadedTaskDispatcher with 22 workers.
[PhysX] Initialized MultithreadedTaskDispatcher with 22 workers.
 -> (artifact id: '11c33f8956b42415002fb75cf06c1e00') in 0.076564 seconds
Number of updated asset objects reloaded before import = 0
Number of asset objects unloaded after import = 2
========================================================================
Received Import Request.
  Time since last request: 0.000022 seconds.
  path: Assets/Hand Painted Stone Texture/Texture/Stone_Height.png
  artifactKey: Guid(3c7a004c57c50734dbb1e28a97b82e5c) Importer(815301076,1909f56bfc062723c751e8b465ee728b)
Start importing Assets/Hand Painted Stone Texture/Texture/Stone_Height.png using Guid(3c7a004c57c50734dbb1e28a97b82e5c) Importer(815301076,1909f56bfc062723c751e8b465ee728b) [PhysX] Initialized MultithreadedTaskDispatcher with 22 workers.
[PhysX] Initialized MultithreadedTaskDispatcher with 22 workers.
 -> (artifact id: '0a5ff10cf7a7c6159dc70802a8f0ab1a') in 0.023595 seconds
Number of updated asset objects reloaded before import = 0
Number of asset objects unloaded after import = 2
========================================================================
Received Import Request.
  Time since last request: 0.000032 seconds.
  path: Assets/Hand Painted Stone Texture/Texture/Stone_Normal.png
  artifactKey: Guid(fff10447baa86b44aa549f50f310265a) Importer(815301076,1909f56bfc062723c751e8b465ee728b)
Start importing Assets/Hand Painted Stone Texture/Texture/Stone_Normal.png using Guid(fff10447baa86b44aa549f50f310265a) Importer(815301076,1909f56bfc062723c751e8b465ee728b) [PhysX] Initialized MultithreadedTaskDispatcher with 22 workers.
[PhysX] Initialized MultithreadedTaskDispatcher with 22 workers.
 -> (artifact id: '5c495d7feb63e366b8ab8b396f284866') in 0.042663 seconds
Number of updated asset objects reloaded before import = 0
Number of asset objects unloaded after import = 2
========================================================================
Received Import Request.
  Time since last request: 22.404144 seconds.
  path: Assets/Hand Painted Stone Texture/Texture/Materials
  artifactKey: Guid(25a2863d7bf819149b649b3a4aaa6c1f) Importer(815301076,1909f56bfc062723c751e8b465ee728b)
Start importing Assets/Hand Painted Stone Texture/Texture/Materials using Guid(25a2863d7bf819149b649b3a4aaa6c1f) Importer(815301076,1909f56bfc062723c751e8b465ee728b) [PhysX] Initialized MultithreadedTaskDispatcher with 22 workers.
 -> (artifact id: '29e2775f649c2d6c56d878ec95b7473c') in 0.001049 seconds
Number of updated asset objects reloaded before import = 0
Number of asset objects unloaded after import = 0
========================================================================
Received Import Request.
  Time since last request: 0.047320 seconds.
  path: Assets/Hand Painted Stone Texture/Texture/Materials/Stone_Ambient_Occlusion.mat
  artifactKey: Guid(0560a236327ee344885329b954990f36) Importer(815301076,1909f56bfc062723c751e8b465ee728b)
Start importing Assets/Hand Painted Stone Texture/Texture/Materials/Stone_Ambient_Occlusion.mat using Guid(0560a236327ee344885329b954990f36) Importer(815301076,1909f56bfc062723c751e8b465ee728b) [PhysX] Initialized MultithreadedTaskDispatcher with 22 workers.
[PhysX] Initialized MultithreadedTaskDispatcher with 22 workers.
 -> (artifact id: '2bc3701407af814ab3365bbd41c122a9') in 0.070775 seconds
Number of updated asset objects reloaded before import = 0
Number of asset objects unloaded after import = 2
========================================================================
Received Import Request.
  Time since last request: 0.000023 seconds.
  path: Assets/Hand Painted Stone Texture/Texture/Materials/Stone_Roughness.mat
  artifactKey: Guid(09beb095eb92bfa458797b4e9fe261e4) Importer(815301076,1909f56bfc062723c751e8b465ee728b)
Start importing Assets/Hand Painted Stone Texture/Texture/Materials/Stone_Roughness.mat using Guid(09beb095eb92bfa458797b4e9fe261e4) Importer(815301076,1909f56bfc062723c751e8b465ee728b) [PhysX] Initialized MultithreadedTaskDispatcher with 22 workers.
[PhysX] Initialized MultithreadedTaskDispatcher with 22 workers.
 -> (artifact id: 'd40331e44c294e2041d13d0ac18ba08c') in 0.028204 seconds
Number of updated asset objects reloaded before import = 0
Number of asset objects unloaded after import = 2
=======
	FinalizeReload (1124ms)
		ReleaseScriptCaches (0ms)
		RebuildScriptCaches (0ms)
		SetupLoadedEditorAssemblies (557ms)
			LogAssemblyErrors (0ms)
			InitializePlatformSupportModulesInManaged (6ms)
			SetLoadedEditorAssemblies (3ms)
			RefreshPlugins (0ms)
			BeforeProcessingInitializeOnLoad (72ms)
			ProcessInitializeOnLoadAttributes (448ms)
			ProcessInitializeOnLoadMethodAttributes (21ms)
			AfterProcessingInitializeOnLoad (6ms)
			EditorAssembliesLoaded (0ms)
		ExecutionOrderSort2 (0ms)
		AwakeInstancesAfterBackupRestoration (7ms)
Refreshing native plugins compatible for Editor in 3.57 ms, found 3 plugins.
Preloading 0 native plugins for Editor in 0.00 ms.
Unloading 3354 Unused Serialized files (Serialized files now loaded: 0)
Unloading 14 unused Assets / (28.5 KB). Loaded Objects now: 3848.
Memory consumption went from 123.3 MB to 123.3 MB.
Total: 2.943400 ms (FindLiveObjects: 0.240900 ms CreateObjectMapping: 0.096700 ms MarkObjects: 2.559400 ms  DeleteObjects: 0.044600 ms)

Prepare: number of updated asset objects reloaded= 0
AssetImportParameters requested are different than current active one (requested -> active):
  custom:container-demuxer-ogg: 62fdf1f143b41e24485cea50d1cbac27 -> 
  custom:video-decoder-ogg-theora: a1e56fd34408186e4bbccfd4996cb3dc -> 
  custom:framework-win-MediaFoundation: 216162199b28c13a410421893ffa2e32 -> 
  custom:CustomObjectIndexerAttribute: 9a22284fe3817be447336de3de66b15e -> 
  custom:container-demuxer-webm: 4f35f7cbe854078d1ac9338744f61a02 -> 
  custom:container-muxer-webm: aa71ff27fc2769a1b78a27578f13a17b -> 
  custom:video-decoder-webm-vp8: 9c59270c3fd7afecdb556c50c9e8de78 -> 
  custom:SearchIndexIgnoredProperties: e643bd26f0fe6173181afceb89e7c659 -> 
  custom:AudioImporter_EditorPlatform: d09bf68614088b80899f8185d706f6e7 -> 
  custom:video-encoder-webm-vp8: eb34c28f22e8b96e1ab97ce403110664 -> 
  custom:audio-decoder-ogg-vorbis: bf7c407c2cedff20999df2af8eb42d56 -> 
  custom:audio-encoder-webm-vorbis: bf7c407c2cedff20999df2af8eb42d56 -> 
========================================================================
Received Import Request.
  Time since last request: 1557.026449 seconds.
  path: Assets/LowPolyWeapons/Prefabs/Axes1H/axe1H1.prefab
  artifactKey: Guid(b238123dbc1aed34a8709fdddbb2cee1) Importer(815301076,1909f56bfc062723c751e8b465ee728b)
Start importing Assets/LowPolyWeapons/Prefabs/Axes1H/axe1H1.prefab using Guid(b238123dbc1aed34a8709fdddbb2cee1) Importer(815301076,1909f56bfc062723c751e8b465ee728b) [PhysX] Initialized MultithreadedTaskDispatcher with 16 workers.
[PhysX] Initialized MultithreadedTaskDispatcher with 16 workers.
 -> (artifact id: '2589491f31bd0f0397b876336c822d57') in 0.106055 seconds
Number of updated asset objects reloaded before import = 0
Number of asset objects unloaded after import = 9
========================================================================
Received Import Request.
  Time since last request: 0.260683 seconds.
  path: Assets/LowPolyWeapons/Prefabs/Axes1H/axe1H7.prefab
  artifactKey: Guid(1dcf42a2fa635714b91cec4445a8fc52) Importer(815301076,1909f56bfc062723c751e8b465ee728b)
Start importing Assets/LowPolyWeapons/Prefabs/Axes1H/axe1H7.prefab using Guid(1dcf42a2fa635714b91cec4445a8fc52) Importer(815301076,1909f56bfc062723c751e8b465ee728b) [PhysX] Initialized MultithreadedTaskDispatcher with 16 workers.
[PhysX] Initialized MultithreadedTaskDispatcher with 16 workers.
 -> (artifact id: '08230cb72809ef22526fd5417f4e2e9e') in 0.009994 seconds
Number of updated asset objects reloaded before import = 0
Number of asset objects unloaded after import = 9
========================================================================
Received Import Request.
  Time since last request: 0.000014 seconds.
  path: Assets/LowPolyWeapons/Prefabs/Axes1H/axe1H9.prefab
  artifactKey: Guid(9c7280ed06e17ad409a34c3ca3b98503) Importer(815301076,1909f56bfc062723c751e8b465ee728b)
Start importing Assets/LowPolyWeapons/Prefabs/Axes1H/axe1H9.prefab using Guid(9c7280ed06e17ad409a34c3ca3b98503) Importer(815301076,1909f56bfc062723c751e8b465ee728b) [PhysX] Initialized MultithreadedTaskDispatcher with 16 workers.
[PhysX] Initialized MultithreadedTaskDispatcher with 16 workers.
 -> (artifact id: '010ce1b5366d8939d77571d6784b66ae') in 0.007667 seconds
Number of updated asset objects reloaded before import = 0
Number of asset objects unloaded after import = 9
========================================================================
Received Import Request.
  Time since last request: 0.000021 seconds.
  path: Assets/LowPolyWeapons/Prefabs/Axes1H/axe1H6.prefab
  artifactKey: Guid(9bdffa3b30eb8af44930437cf26276b0) Importer(815301076,1909f56bfc062723c751e8b465ee728b)
Start importing Assets/LowPolyWeapons/Prefabs/Axes1H/axe1H6.prefab using Guid(9bdffa3b30eb8af44930437cf26276b0) Importer(815301076,1909f56bfc062723c751e8b465ee728b) [PhysX] Initialized MultithreadedTaskDispatcher with 16 workers.
[PhysX] Initialized MultithreadedTaskDispatcher with 16 workers.
 -> (artifact id: '2d03ea2051ec5e2567329d1082fd2678') in 0.008135 seconds
Number of updated asset objects reloaded before import = 0
Number of asset objects unloaded after import = 9
========================================================================
Received Import Request.
  Time since last request: 0.000032 seconds.
  path: Assets/LowPolyWeapons/Prefabs/Axes1H/axe1H5.prefab
  artifactKey: Guid(289316d41a433e348bfc70cf01307fe3) Importer(815301076,1909f56bfc062723c751e8b465ee728b)
Start importing Assets/LowPolyWeapons/Prefabs/Axes1H/axe1H5.prefab using Guid(289316d41a433e348bfc70cf01307fe3) Importer(815301076,1909f56bfc062723c751e8b465ee728b) [PhysX] Initialized MultithreadedTaskDispatcher with 16 workers.
[PhysX] Initialized MultithreadedTaskDispatcher with 16 workers.
 -> (artifact id: '300a45e0e19830a0105f90e08da0cac8') in 0.015657 seconds
Number of updated asset objects reloaded before import = 0
Number of asset objects unloaded after import = 9
========================================================================
Received Import Request.
  Time since last request: 1.639790 seconds.
  path: Assets/LowPolyWeapons/Prefabs/Axes2H/axe2H1.prefab
  artifactKey: Guid(71db46cff3144194781d5822a9f1da96) Importer(815301076,1909f56bfc062723c751e8b465ee728b)
Start importing Assets/LowPolyWeapons/Prefabs/Axes2H/axe2H1.prefab using Guid(71db46cff3144194781d5822a9f1da96) Importer(815301076,1909f56bfc062723c751e8b465ee728b) [PhysX] Initialized MultithreadedTaskDispatcher with 16 workers.
[PhysX] Initialized MultithreadedTaskDispatcher with 16 workers.
 -> (artifact id: '652871b28604eb334e8f5a786bbb5879') in 0.008959 seconds
Number of updated asset objects reloaded before import = 0
Number of asset objects unloaded after import = 9
========================================================================
Received Import Request.
  Time since last request: 0.202548 seconds.
  path: Assets/LowPolyWeapons/Prefabs/Axes2H/axe2H3.prefab
  artifactKey: Guid(94384cebfafad5c428832fc253ab4cdf) Importer(815301076,1909f56bfc062723c751e8b465ee728b)
Start importing Assets/LowPolyWeapons/Prefabs/Axes2H/axe2H3.prefab using Guid(94384cebfafad5c428832fc253ab4cdf) Importer(815301076,1909f56bfc062723c751e8b465ee728b) [PhysX] Initialized MultithreadedTaskDispatcher with 16 workers.
[PhysX] Initialized MultithreadedTaskDispatcher with 16 workers.
 -> (artifact id: '57ac5432e3ae4d453730de868bf1c2aa') in 0.010954 seconds
Number of updated asset objects reloaded before import = 0
Number of asset objects unloaded after import = 9
========================================================================
Received Import Request.
  Time since last request: 0.311894 seconds.
  path: Assets/LowPolyWeapons/Prefabs/Axes2H/axe2H5.prefab
  artifactKey: Guid(e752c10c912d1ca409b124688e8eb1ec) Importer(815301076,1909f56bfc062723c751e8b465ee728b)
Start importing Assets/LowPolyWeapons/Prefabs/Axes2H/axe2H5.prefab using Guid(e752c10c912d1ca409b124688e8eb1ec) Importer(815301076,1909f56bfc062723c751e8b465ee728b) [PhysX] Initialized MultithreadedTaskDispatcher with 16 workers.
[PhysX] Initialized MultithreadedTaskDispatcher with 16 workers.
 -> (artifact id: '85c1f309526044bdb413e48ecc235aa2') in 0.009047 seconds
Number of updated asset objects reloaded before import = 0
Number of asset objects unloaded after import = 9
========================================================================
Received Import Request.
  Time since last request: 0.157968 seconds.
  path: Assets/LowPolyWeapons/Prefabs/Axes2H/axe2H7.prefab
  artifactKey: Guid(c977b2e8786abb749932e081d033b859) Importer(815301076,1909f56bfc062723c751e8b465ee728b)
Start importing Assets/LowPolyWeapons/Prefabs/Axes2H/axe2H7.prefab using Guid(c977b2e8786abb749932e081d033b859) Importer(815301076,1909f56bfc062723c751e8b465ee728b) [PhysX] Initialized MultithreadedTaskDispatcher with 16 workers.
[PhysX] Initialized MultithreadedTaskDispatcher with 16 workers.
 -> (artifact id: '1b4d39da576a23fe3994938ac72edc63') in 0.012632 seconds
Number of updated asset objects reloaded before import = 0
Number of asset objects unloaded after import = 9
========================================================================
Received Import Request.
  Time since last request: 0.432358 seconds.
  path: Assets/LowPolyWeapons/Prefabs/Axes2H/axe2H9.prefab
  artifactKey: Guid(8ea498108a0f3ef4aa5c593031144082) Importer(815301076,1909f56bfc062723c751e8b465ee728b)
Start importing Assets/LowPolyWeapons/Prefabs/Axes2H/axe2H9.prefab using Guid(8ea498108a0f3ef4aa5c593031144082) Importer(815301076,1909f56bfc062723c751e8b465ee728b) [PhysX] Initialized MultithreadedTaskDispatcher with 16 workers.
[PhysX] Initialized MultithreadedTaskDispatcher with 16 workers.
 -> (artifact id: 'ac47f44ab8d0401d7c0a55eaf684ab74') in 0.010999 seconds
Number of updated asset objects reloaded before import = 0
Number of asset objects unloaded after import = 9
========================================================================
Received Import Request.
  Time since last request: 0.079178 seconds.
  path: Assets/LowPolyWeapons/Prefabs/Axes2H/axe2H11.prefab
  artifactKey: Guid(e2e70558630cec04da2c592c70745ac7) Importer(815301076,1909f56bfc062723c751e8b465ee728b)
Start importing Assets/LowPolyWeapons/Prefabs/Axes2H/axe2H11.prefab using Guid(e2e70558630cec04da2c592c70745ac7) Importer(815301076,1909f56bfc062723c751e8b465ee728b) [PhysX] Initialized MultithreadedTaskDispatcher with 16 workers.
[PhysX] Initialized MultithreadedTaskDispatcher with 16 workers.
 -> (artifact id: '31232ea4da6fa5ac0f879035698299fc') in 0.013019 seconds
Number of updated asset objects reloaded before import = 0
Number of asset objects unloaded after import = 9
========================================================================
Received Import Request.
  Time since last request: 0.048634 seconds.
  path: Assets/LowPolyWeapons/Prefabs/Daggers/dagger1_001.prefab
  artifactKey: Guid(9ef491f9c1e798b4c94df29586aeca6f) Importer(815301076,1909f56bfc062723c751e8b465ee728b)
Start importing Assets/LowPolyWeapons/Prefabs/Daggers/dagger1_001.prefab using Guid(9ef491f9c1e798b4c94df29586aeca6f) Importer(815301076,1909f56bfc062723c751e8b465ee728b) [PhysX] Initialized MultithreadedTaskDispatcher with 16 workers.
[PhysX] Initialized MultithreadedTaskDispatcher with 16 workers.
 -> (artifact id: '360c06119436bb89f3d7d62cee98c60b') in 0.010669 seconds
Number of updated asset objects reloaded before import = 0
Number of asset objects unloaded after import = 9
========================================================================
Received Import Request.
  Time since last request: 0.394867 seconds.
  path: Assets/LowPolyWeapons/Prefabs/Daggers/dagger2_001.prefab
  artifactKey: Guid(75b6d5149ca631547b759f9964380a6d) Importer(815301076,1909f56bfc062723c751e8b465ee728b)
Start importing Assets/LowPolyWeapons/Prefabs/Daggers/dagger2_001.prefab using Guid(75b6d5149ca631547b759f9964380a6d) Importer(815301076,1909f56bfc062723c751e8b465ee728b) [PhysX] Initialized MultithreadedTaskDispatcher with 16 workers.
[PhysX] Initialized MultithreadedTaskDispatcher with 16 workers.
 -> (artifact id: '9fce4ffbb57b4be58701f8046e313ea8') in 0.012280 seconds
Number of updated asset objects reloaded before import = 0
Number of asset objects unloaded after import = 9
========================================================================
Received Import Request.
  Time since last request: 0.037412 seconds.
  path: Assets/LowPolyWeapons/Prefabs/Daggers/dagger3_001.prefab
  artifactKey: Guid(3e5fc42ab475314488ed30c94dbc9dd8) Importer(815301076,1909f56bfc062723c751e8b465ee728b)
Start importing Assets/LowPolyWeapons/Prefabs/Daggers/dagger3_001.prefab using Guid(3e5fc42ab475314488ed30c94dbc9dd8) Importer(815301076,1909f56bfc062723c751e8b465ee728b) [PhysX] Initialized MultithreadedTaskDispatcher with 16 workers.
[PhysX] Initialized MultithreadedTaskDispatcher with 16 workers.
 -> (artifact id: '09ae92889c8789d698aa40a79ebe6fb3') in 0.011461 seconds
Number of updated asset objects reloaded before import = 0
Number of asset objects unloaded after import = 9
========================================================================
Received Import Request.
  Time since last request: 0.379108 seconds.
  path: Assets/LowPolyWeapons/Prefabs/Daggers/dagger4_001.prefab
  artifactKey: Guid(8ec948a679845924589b2d89e688d040) Importer(815301076,1909f56bfc062723c751e8b465ee728b)
Start importing Assets/LowPolyWeapons/Prefabs/Daggers/dagger4_001.prefab using Guid(8ec948a679845924589b2d89e688d040) Importer(815301076,1909f56bfc062723c751e8b465ee728b) [PhysX] Initialized MultithreadedTaskDispatcher with 16 workers.
[PhysX] Initialized MultithreadedTaskDispatcher with 16 workers.
 -> (artifact id: '33c244bb936253a95864727020517e99') in 0.009579 seconds
Number of updated asset objects reloaded before import = 0
Number of asset objects unloaded after import = 9
========================================================================
Received Import Request.
  Time since last request: 0.063099 seconds.
  path: Assets/LowPolyWeapons/Prefabs/Daggers/dagger5_001.prefab
  artifactKey: Guid(03b2f751e4c962e4f8fa0231c069457d) Importer(815301076,1909f56bfc062723c751e8b465ee728b)
Start importing Assets/LowPolyWeapons/Prefabs/Daggers/dagger5_001.prefab using Guid(03b2f751e4c962e4f8fa0231c069457d) Importer(815301076,1909f56bfc062723c751e8b465ee728b) [PhysX] Initialized MultithreadedTaskDispatcher with 16 workers.
[PhysX] Initialized MultithreadedTaskDispatcher with 16 workers.
 -> (artifact id: '2a855c2adb54957468b04be40ea4985b') in 0.009667 seconds
Number of updated asset objects reloaded before import = 0
Number of asset objects unloaded after import = 9
========================================================================
Received Import Request.
  Time since last request: 0.314426 seconds.
  path: Assets/LowPolyWeapons/Prefabs/Daggers/dagger6_001.prefab
  artifactKey: Guid(2deee0892c90016418bde35e4937a2e5) Importer(815301076,1909f56bfc062723c751e8b465ee728b)
Start importing Assets/LowPolyWeapons/Prefabs/Daggers/dagger6_001.prefab using Guid(2deee0892c90016418bde35e4937a2e5) Importer(815301076,1909f56bfc062723c751e8b465ee728b) [PhysX] Initialized MultithreadedTaskDispatcher with 16 workers.
[PhysX] Initialized MultithreadedTaskDispatcher with 16 workers.
 -> (artifact id: 'd8780251c2236b2575bb51959e0313ef') in 0.009300 seconds
Number of updated asset objects reloaded before import = 0
Number of asset objects unloaded after import = 9
========================================================================
Received Import Request.
  Time since last request: 3.081859 seconds.
  path: Assets/LowPolyWeapons/Prefabs/Shields/shield13_001.prefab
  artifactKey: Guid(b0eb443765c5ca549afcc7f0a107b2f3) Importer(815301076,1909f56bfc062723c751e8b465ee728b)
Start importing Assets/LowPolyWeapons/Prefabs/Shields/shield13_001.prefab using Guid(b0eb443765c5ca549afcc7f0a107b2f3) Importer(815301076,1909f56bfc062723c751e8b465ee728b) [PhysX] Initialized MultithreadedTaskDispatcher with 16 workers.
[PhysX] Initialized MultithreadedTaskDispatcher with 16 workers.
 -> (artifact id: '376f669e42d2d246ec377569ac73e33e') in 0.009482 seconds
Number of updated asset objects reloaded before import = 0
Number of asset objects unloaded after import = 9
========================================================================
Received Import Request.
  Time since last request: 0.004876 seconds.
  path: Assets/LowPolyWeapons/Prefabs/Shields/shield15.prefab
  artifactKey: Guid(91d6a054e3c9cd84e8e976df4608f5e2) Importer(815301076,1909f56bfc062723c751e8b465ee728b)
Start importing Assets/LowPolyWeapons/Prefabs/Shields/shield15.prefab using Guid(91d6a054e3c9cd84e8e976df4608f5e2) Importer(815301076,1909f56bfc062723c751e8b465ee728b) [PhysX] Initialized MultithreadedTaskDispatcher with 16 workers.
[PhysX] Initialized MultithreadedTaskDispatcher with 16 workers.
 -> (artifact id: '5952572a08759c156fa373469c227b98') in 0.014847 seconds
Number of updated asset objects reloaded before import = 0
Number of asset objects unloaded after import = 9
========================================================================
Received Import Request.
  Time since last request: 0.000053 seconds.
  path: Assets/LowPolyWeapons/Prefabs/Shields/shield16.prefab
  artifactKey: Guid(e6083eef65c09b5499703a6b9fd1e928) Importer(815301076,1909f56bfc062723c751e8b465ee728b)
Start importing Assets/LowPolyWeapons/Prefabs/Shields/shield16.prefab using Guid(e6083eef65c09b5499703a6b9fd1e928) Importer(815301076,1909f56bfc062723c751e8b465ee728b) [PhysX] Initialized MultithreadedTaskDispatcher with 16 workers.
[PhysX] Initialized MultithreadedTaskDispatcher with 16 workers.
 -> (artifact id: '0b76de84bc2bc994c22b686bdad3f108') in 0.011143 seconds
Number of updated asset objects reloaded before import = 0
Number of asset objects unloaded after import = 9
========================================================================
Received Import Request.
  Time since last request: 3.229068 seconds.
  path: Assets/LowPolyWeapons/Prefabs/Shields/shield1_001.prefab
  artifactKey: Guid(bd1ed34b48e58e544af7aa576169913e) Importer(815301076,1909f56bfc062723c751e8b465ee728b)
Start importing Assets/LowPolyWeapons/Prefabs/Shields/shield1_001.prefab using Guid(bd1ed34b48e58e544af7aa576169913e) Importer(815301076,1909f56bfc062723c751e8b465ee728b) [PhysX] Initialized MultithreadedTaskDispatcher with 16 workers.
[PhysX] Initialized MultithreadedTaskDispatcher with 16 workers.
 -> (artifact id: '0e691222ebc1f01203c83400f6da4501') in 0.009295 seconds
Number of updated asset objects reloaded before import = 0
Number of asset objects unloaded after import = 9
========================================================================
Received Import Request.
  Time since last request: 0.000023 seconds.
  path: Assets/LowPolyWeapons/Prefabs/Shields/shield4_001.prefab
  artifactKey: Guid(ffd1615b8dc8bd74a8b9d93920c3f144) Importer(815301076,1909f56bfc062723c751e8b465ee728b)
Start importing Assets/LowPolyWeapons/Prefabs/Shields/shield4_001.prefab using Guid(ffd1615b8dc8bd74a8b9d93920c3f144) Importer(815301076,1909f56bfc062723c751e8b465ee728b) [PhysX] Initialized MultithreadedTaskDispatcher with 16 workers.
[PhysX] Initialized MultithreadedTaskDispatcher with 16 workers.
 -> (artifact id: '0a1a4c487f56ecef6c9f5df2237026af') in 0.012227 seconds
Number of updated asset objects reloaded before import = 0
Number of asset objects unloaded after import = 9
========================================================================
Received Import Request.
  Time since last request: 5.186874 seconds.
  path: Assets/LowPolyWeapons/Prefabs/Daggers/dagger9.prefab
  artifactKey: Guid(4a862c9c524cc5e4787910bdaef4cf90) Importer(815301076,1909f56bfc062723c751e8b465ee728b)
Start importing Assets/LowPolyWeapons/Prefabs/Daggers/dagger9.prefab using Guid(4a862c9c524cc5e4787910bdaef4cf90) Importer(815301076,1909f56bfc062723c751e8b465ee728b) [PhysX] Initialized MultithreadedTaskDispatcher with 16 workers.
[PhysX] Initialized MultithreadedTaskDispatcher with 16 workers.
 -> (artifact id: '45d6126366d48a56914ab028522c97ea') in 0.008666 seconds
Number of updated asset objects reloaded before import = 0
Number of asset objects unloaded after import = 9
========================================================================
Received Import Request.
  Time since last request: 0.044134 seconds.
  path: Assets/LowPolyWeapons/Prefabs/Daggers/dagger10.prefab
  artifactKey: Guid(ba6ea74fd089997409f176fe0857b07f) Importer(815301076,1909f56bfc062723c751e8b465ee728b)
Start importing Assets/LowPolyWeapons/Prefabs/Daggers/dagger10.prefab using Guid(ba6ea74fd089997409f176fe0857b07f) Importer(815301076,1909f56bfc062723c751e8b465ee728b) [PhysX] Initialized MultithreadedTaskDispatcher with 16 workers.
[PhysX] Initialized MultithreadedTaskDispatcher with 16 workers.
 -> (artifact id: 'cb789419f02d08c63e5e476d63a6ca4c') in 0.008401 seconds
Number of updated asset objects reloaded before import = 0
Number of asset objects unloaded after import = 9
========================================================================
Received Import Request.
  Time since last request: 0.305615 seconds.
  path: Assets/LowPolyWeapons/Prefabs/Hammers1H/hammer1H4.prefab
  artifactKey: Guid(0e0c9b16340b9c546a339f826d26d631) Importer(815301076,1909f56bfc062723c751e8b465ee728b)
Start importing Assets/LowPolyWeapons/Prefabs/Hammers1H/hammer1H4.prefab using Guid(0e0c9b16340b9c546a339f826d26d631) Importer(815301076,1909f56bfc062723c751e8b465ee728b) [PhysX] Initialized MultithreadedTaskDispatcher with 16 workers.
[PhysX] Initialized MultithreadedTaskDispatcher with 16 workers.
 -> (artifact id: '2bd1deb3feb0073b932733bfa0fbf2a5') in 0.008390 seconds
Number of updated asset objects reloaded before import = 0
Number of asset objects unloaded after import = 9
========================================================================
Received Import Request.
  Time since last request: 1.647978 seconds.
  path: Assets/LowPolyWeapons/Prefabs/Shields/shield6_001.prefab
  artifactKey: Guid(2ed7a6a7cc877654a80d36ae6450b80a) Importer(815301076,1909f56bfc062723c751e8b465ee728b)
Start importing Assets/LowPolyWeapons/Prefabs/Shields/shield6_001.prefab using Guid(2ed7a6a7cc877654a80d36ae6450b80a) Importer(815301076,1909f56bfc062723c751e8b465ee728b) [PhysX] Initialized MultithreadedTaskDispatcher with 16 workers.
[PhysX] Initialized MultithreadedTaskDispatcher with 16 workers.
 -> (artifact id: 'bc07d5c0b07b91f5b933cd2bf0aff0c4') in 0.010047 seconds
Number of updated asset objects reloaded before import = 0
Number of asset objects unloaded after import = 9
========================================================================
Received Import Request.
  Time since last request: 0.034596 seconds.
  path: Assets/LowPolyWeapons/Prefabs/Shields/shield7_001.prefab
  artifactKey: Guid(b6c567efc770de24c819404ad193075f) Importer(815301076,1909f56bfc062723c751e8b465ee728b)
Start importing Assets/LowPolyWeapons/Prefabs/Shields/shield7_001.prefab using Guid(b6c567efc770de24c819404ad193075f) Importer(815301076,1909f56bfc062723c751e8b465ee728b) [PhysX] Initialized MultithreadedTaskDispatcher with 16 workers.
[PhysX] Initialized MultithreadedTaskDispatcher with 16 workers.
 -> (artifact id: '981b6b55652c150c06652782e73bd649') in 0.010380 seconds
Number of updated asset objects reloaded before import = 0
Number of asset objects unloaded after import = 9
========================================================================
Received Import Request.
  Time since last request: 0.021939 seconds.
  path: Assets/LowPolyWeapons/Prefabs/Shields/shield8_001.prefab
  artifactKey: Guid(d2ec8f4a4a60bc940a6c6fdc788aa96a) Importer(815301076,1909f56bfc062723c751e8b465ee728b)
Start importing Assets/LowPolyWeapons/Prefabs/Shields/shield8_001.prefab using Guid(d2ec8f4a4a60bc940a6c6fdc788aa96a) Importer(815301076,1909f56bfc062723c751e8b465ee728b) [PhysX] Initialized MultithreadedTaskDispatcher with 16 workers.
[PhysX] Initialized MultithreadedTaskDispatcher with 16 workers.
 -> (artifact id: '94b1d57f50dec28a8704e54333ce0b21') in 0.009696 seconds
Number of updated asset objects reloaded before import = 0
Number of asset objects unloaded after import = 9
========================================================================
Received Import Request.
  Time since last request: 0.360696 seconds.
  path: Assets/LowPolyWeapons/Prefabs/Shields/shield9_001.prefab
  artifactKey: Guid(4957f13dfe849ae47b63ac6b59a296ed) Importer(815301076,1909f56bfc062723c751e8b465ee728b)
Start importing Assets/LowPolyWeapons/Prefabs/Shields/shield9_001.prefab using Guid(4957f13dfe849ae47b63ac6b59a296ed) Importer(815301076,1909f56bfc062723c751e8b465ee728b) [PhysX] Initialized MultithreadedTaskDispatcher with 16 workers.
[PhysX] Initialized MultithreadedTaskDispatcher with 16 workers.
 -> (artifact id: 'bccb11b5066aa671921c0b6a55e786e1') in 0.007676 seconds
Number of updated asset objects reloaded before import = 0
Number of asset objects unloaded after import = 9
========================================================================
Received Import Request.
  Time since last request: 0.002849 seconds.
  path: Assets/LowPolyWeapons/Prefabs/Shields/shield10_001.prefab
  artifactKey: Guid(d5c3e0b70e65b5444bef9d704c219857) Importer(815301076,1909f56bfc062723c751e8b465ee728b)
Start importing Assets/LowPolyWeapons/Prefabs/Shields/shield10_001.prefab using Guid(d5c3e0b70e65b5444bef9d704c219857) Importer(815301076,1909f56bfc062723c751e8b465ee728b) [PhysX] Initialized MultithreadedTaskDispatcher with 16 workers.
[PhysX] Initialized MultithreadedTaskDispatcher with 16 workers.
 -> (artifact id: '3fd703bdfd8f075c9ee02b1fc847b659') in 0.007728 seconds
Number of updated asset objects reloaded before import = 0
Number of asset objects unloaded after import = 9
========================================================================
Received Import Request.
  Time since last request: 0.046835 seconds.
  path: Assets/LowPolyWeapons/Prefabs/Shields/shield11_001.prefab
  artifactKey: Guid(8b2556b9a35e7e341998092ec4c07255) Importer(815301076,1909f56bfc062723c751e8b465ee728b)
Start importing Assets/LowPolyWeapons/Prefabs/Shields/shield11_001.prefab using Guid(8b2556b9a35e7e341998092ec4c07255) Importer(815301076,1909f56bfc062723c751e8b465ee728b) [PhysX] Initialized MultithreadedTaskDispatcher with 16 workers.
[PhysX] Initialized MultithreadedTaskDispatcher with 16 workers.
 -> (artifact id: '2769d60bb395784802cb1aaa1321116e') in 0.007892 seconds
Number of updated asset objects reloaded before import = 0
Number of asset objects unloaded after import = 9
========================================================================
Received Import Request.
  Time since last request: 0.003156 seconds.
  path: Assets/LowPolyWeapons/Prefabs/Shields/shield12_001.prefab
  artifactKey: Guid(2a1e1841567a4dc4fb95188e23442fd9) Importer(815301076,1909f56bfc062723c751e8b465ee728b)
Start importing Assets/LowPolyWeapons/Prefabs/Shields/shield12_001.prefab using Guid(2a1e1841567a4dc4fb95188e23442fd9) Importer(815301076,1909f56bfc062723c751e8b465ee728b) [PhysX] Initialized MultithreadedTaskDispatcher with 16 workers.
[PhysX] Initialized MultithreadedTaskDispatcher with 16 workers.
 -> (artifact id: '1f769475794acba59de598e1fad3e08e') in 0.013644 seconds
Number of updated asset objects reloaded before import = 0
Number of asset objects unloaded after import = 9
>>>>>>> Stashed changes
Editor requested this worker to shutdown with reason: Scaling down because of idle timeout
TcpMessagingSession - receive error: operation aborted. errorcode: 995, details: Der E/A-Vorgang wurde wegen eines Threadendes oder einer Anwendungsanforderung abgebrochen.
AssetImportWorker is now disconnected from the server
Process exiting
Exiting without the bug reporter. Application will terminate with return code 0